Name;Minimum;Maximum;Length;Direction
PAM;47124;47126;3;forward
PAM;47117;47119;3;forward
PAM;47107;47109;3;reverse
PAM;47092;47094;3;reverse
PAM;47079;47081;3;reverse
PAM;47072;47074;3;reverse
PAM;47068;47070;3;reverse
PAM;47044;47046;3;reverse
PAM;47039;47041;3;forward
PAM;47032;47034;3;reverse
PAM;47029;47031;3;forward
PAM;47020;47022;3;reverse
PAM;47014;47016;3;reverse
PAM;47009;47011;3;reverse
PAM;47006;47008;3;forward
PAM;47005;47007;3;reverse
PAM;46992;46994;3;forward
PAM;46983;46985;3;forward
PAM;46961;46963;3;forward
PAM;46954;46956;3;forward
PAM;46942;46944;3;forward
PAM;46898;46900;3;forward
PAM;46879;46881;3;forward
PAM;46871;46873;3;reverse
PAM;46849;46851;3;forward
PAM;46837;46839;3;forward
PAM;46836;46838;3;reverse
PAM;46820;46822;3;forward
PAM;46808;46810;3;forward
PAM;46798;46800;3;forward
PAM;46786;46788;3;forward
PAM;46712;46714;3;reverse
PAM;46693;46695;3;forward
PAM;46690;46692;3;forward
PAM;46689;46691;3;reverse
PAM;46669;46671;3;forward
PAM;46668;46670;3;reverse
PAM;46658;46660;3;forward
PAM;46641;46643;3;forward
PAM;46634;46636;3;reverse
PAM;46607;46609;3;forward
PAM;46606;46608;3;reverse
PAM;46603;46605;3;reverse
PAM;46598;46600;3;forward
PAM;46556;46558;3;forward
PAM;46544;46546;3;forward
PAM;46531;46533;3;reverse
PAM;46518;46520;3;forward
PAM;46508;46510;3;forward
PAM;46496;46498;3;forward
PAM;46455;46457;3;forward
PAM;46424;46426;3;forward
PAM;46394;46396;3;forward
PAM;46393;46395;3;reverse
PAM;46346;46348;3;forward
PAM;46328;46330;3;reverse
PAM;46320;46322;3;forward
PAM;46308;46310;3;forward
PAM;46297;46299;3;reverse
PAM;46279;46281;3;reverse
PAM;46265;46267;3;reverse
PAM;46259;46261;3;forward
PAM;46248;46250;3;reverse
PAM;46235;46237;3;forward
PAM;46234;46236;3;reverse
PAM;46209;46211;3;forward
PAM;46193;46195;3;forward
PAM;46188;46190;3;forward
PAM;46187;46189;3;reverse
PAM;46184;46186;3;reverse
PAM;46155;46157;3;forward
PAM;46135;46137;3;reverse
PAM;46129;46131;3;reverse
PAM;46117;46119;3;forward
PAM;46105;46107;3;forward
PAM;46047;46049;3;forward
PAM;46044;46046;3;forward
PAM;46012;46014;3;forward
PAM;45972;45974;3;reverse
PAM;45969;45971;3;forward
PAM;45968;45970;3;reverse
PAM;45964;45966;3;reverse
PAM;45958;45960;3;forward
PAM;45957;45959;3;reverse
PAM;45904;45906;3;reverse
PAM;45874;45876;3;forward
PAM;45873;45875;3;reverse
PAM;45870;45872;3;reverse
PAM;45855;45857;3;reverse
PAM;45847;45849;3;forward
PAM;45844;45846;3;forward
PAM;45825;45827;3;reverse
PAM;45820;45822;3;forward
PAM;45819;45821;3;reverse
PAM;45807;45809;3;reverse
PAM;45804;45806;3;forward
PAM;45803;45805;3;reverse
PAM;45800;45802;3;reverse
PAM;45779;45781;3;forward
PAM;45778;45780;3;reverse
PAM;45763;45765;3;forward
PAM;45755;45757;3;forward
PAM;45742;45744;3;reverse
PAM;45736;45738;3;forward
PAM;45722;45724;3;forward
PAM;45721;45723;3;reverse
PAM;45715;45717;3;reverse
PAM;45704;45706;3;reverse
PAM;45673;45675;3;forward
PAM;45670;45672;3;reverse
PAM;45659;45661;3;forward
PAM;45656;45658;3;forward
PAM;45634;45636;3;reverse
PAM;45613;45615;3;forward
PAM;45612;45614;3;reverse
PAM;45604;45606;3;forward
PAM;45603;45605;3;reverse
PAM;45580;45582;3;forward
PAM;45579;45581;3;reverse
PAM;45565;45567;3;forward
PAM;45564;45566;3;reverse
PAM;45542;45544;3;reverse
PAM;45536;45538;3;forward
PAM;45533;45535;3;reverse
PAM;45526;45528;3;reverse
PAM;45519;45521;3;reverse
PAM;45454;45456;3;forward
PAM;45447;45449;3;reverse
PAM;45404;45406;3;reverse
PAM;45390;45392;3;reverse
PAM;45387;45389;3;reverse
PAM;45384;45386;3;reverse
PAM;45376;45378;3;reverse
PAM;45355;45357;3;forward
PAM;45348;45350;3;forward
PAM;45345;45347;3;reverse
PAM;45338;45340;3;forward
PAM;45337;45339;3;reverse
PAM;45326;45328;3;forward
PAM;45325;45327;3;reverse
PAM;45316;45318;3;reverse
PAM;45311;45313;3;forward
PAM;45270;45272;3;forward
PAM;45248;45250;3;forward
PAM;45247;45249;3;reverse
PAM;45237;45239;3;forward
PAM;45231;45233;3;reverse
PAM;45197;45199;3;forward
PAM;45191;45193;3;reverse
PAM;45179;45181;3;reverse
PAM;45164;45166;3;forward
PAM;45161;45163;3;forward
PAM;45160;45162;3;reverse
PAM;45157;45159;3;forward
PAM;45134;45136;3;reverse
PAM;45128;45130;3;reverse
PAM;45119;45121;3;reverse
PAM;45108;45110;3;forward
PAM;45077;45079;3;forward
PAM;45076;45078;3;reverse
PAM;45072;45074;3;forward
PAM;45059;45061;3;reverse
PAM;45053;45055;3;reverse
PAM;45046;45048;3;forward
PAM;45045;45047;3;reverse
PAM;45038;45040;3;forward
PAM;44996;44998;3;forward
PAM;44968;44970;3;reverse
PAM;44964;44966;3;reverse
PAM;44959;44961;3;forward
PAM;44945;44947;3;forward
PAM;44944;44946;3;reverse
PAM;44927;44929;3;forward
PAM;44926;44928;3;reverse
PAM;44911;44913;3;forward
PAM;44905;44907;3;forward
PAM;44870;44872;3;reverse
PAM;44858;44860;3;reverse
PAM;44791;44793;3;forward
PAM;44772;44774;3;reverse
PAM;44766;44768;3;reverse
PAM;44760;44762;3;reverse
PAM;44749;44751;3;forward
PAM;44745;44747;3;reverse
PAM;44736;44738;3;reverse
PAM;44729;44731;3;forward
PAM;44691;44693;3;reverse
PAM;44682;44684;3;forward
PAM;44677;44679;3;reverse
PAM;44670;44672;3;forward
PAM;44669;44671;3;reverse
PAM;44659;44661;3;forward
PAM;44647;44649;3;reverse
PAM;44641;44643;3;reverse
PAM;44637;44639;3;forward
PAM;44636;44638;3;reverse
PAM;44609;44611;3;forward
PAM;44585;44587;3;reverse
PAM;44576;44578;3;reverse
PAM;44569;44571;3;forward
PAM;44568;44570;3;reverse
PAM;44554;44556;3;forward
PAM;44553;44555;3;reverse
PAM;44544;44546;3;forward
PAM;44530;44532;3;reverse
PAM;44510;44512;3;forward
PAM;44509;44511;3;reverse
PAM;44501;44503;3;forward
PAM;44496;44498;3;reverse
PAM;44485;44487;3;reverse
PAM;44480;44482;3;forward
PAM;44471;44473;3;forward
PAM;44470;44472;3;reverse
PAM;44466;44468;3;reverse
PAM;44447;44449;3;forward
PAM;44443;44445;3;forward
PAM;44442;44444;3;reverse
PAM;44435;44437;3;forward
PAM;44432;44434;3;reverse
PAM;44406;44408;3;reverse
PAM;44400;44402;3;reverse
PAM;44389;44391;3;forward
PAM;44388;44390;3;reverse
PAM;44372;44374;3;forward
PAM;44330;44332;3;forward
PAM;44317;44319;3;reverse
PAM;44314;44316;3;forward
PAM;44260;44262;3;forward
PAM;44253;44255;3;forward
PAM;44252;44254;3;reverse
PAM;44249;44251;3;forward
PAM;44248;44250;3;reverse
PAM;44240;44242;3;forward
PAM;44239;44241;3;reverse
PAM;44225;44227;3;forward
PAM;44210;44212;3;forward
PAM;44174;44176;3;forward
PAM;44173;44175;3;reverse
PAM;44169;44171;3;forward
PAM;44168;44170;3;reverse
PAM;44158;44160;3;reverse
PAM;44139;44141;3;forward
PAM;44135;44137;3;forward
PAM;44122;44124;3;reverse
PAM;44101;44103;3;reverse
PAM;44067;44069;3;forward
PAM;44064;44066;3;reverse
PAM;44053;44055;3;reverse
PAM;44034;44036;3;reverse
PAM;44027;44029;3;forward
PAM;44026;44028;3;reverse
PAM;44019;44021;3;forward
PAM;44013;44015;3;forward
PAM;44003;44005;3;forward
PAM;43982;43984;3;reverse
PAM;43973;43975;3;forward
PAM;43972;43974;3;reverse
PAM;43919;43921;3;reverse
PAM;43912;43914;3;forward
PAM;43906;43908;3;forward
PAM;43887;43889;3;reverse
PAM;43879;43881;3;forward
PAM;43868;43870;3;forward
PAM;43865;43867;3;forward
PAM;43816;43818;3;forward
PAM;43815;43817;3;reverse
PAM;43807;43809;3;forward
PAM;43771;43773;3;forward
PAM;43759;43761;3;forward
PAM;43754;43756;3;forward
PAM;43753;43755;3;reverse
PAM;43734;43736;3;forward
PAM;43733;43735;3;reverse
PAM;43727;43729;3;forward
PAM;43703;43705;3;forward
PAM;43695;43697;3;reverse
PAM;43683;43685;3;reverse
PAM;43677;43679;3;reverse
PAM;43671;43673;3;reverse
PAM;43661;43663;3;reverse
PAM;43655;43657;3;reverse
PAM;43651;43653;3;forward
PAM;43650;43652;3;reverse
PAM;43613;43615;3;forward
PAM;43612;43614;3;reverse
PAM;43607;43609;3;reverse
PAM;43583;43585;3;forward
PAM;43548;43550;3;reverse
PAM;43536;43538;3;reverse
PAM;43525;43527;3;forward
PAM;43504;43506;3;forward
PAM;43503;43505;3;reverse
PAM;43466;43468;3;forward
PAM;43459;43461;3;reverse
PAM;43442;43444;3;forward
PAM;43435;43437;3;forward
PAM;43415;43417;3;forward
PAM;43412;43414;3;reverse
PAM;43409;43411;3;forward
PAM;43377;43379;3;forward
PAM;43366;43368;3;reverse
PAM;43355;43357;3;forward
PAM;43354;43356;3;reverse
PAM;43345;43347;3;reverse
PAM;43321;43323;3;forward
PAM;43317;43319;3;forward
PAM;43316;43318;3;reverse
PAM;43272;43274;3;forward
PAM;43268;43270;3;reverse
PAM;43260;43262;3;forward
PAM;43243;43245;3;forward
PAM;43237;43239;3;reverse
PAM;43230;43232;3;forward
PAM;43229;43231;3;reverse
PAM;43222;43224;3;forward
PAM;43207;43209;3;forward
PAM;43206;43208;3;reverse
PAM;43200;43202;3;reverse
PAM;43189;43191;3;forward
PAM;43186;43188;3;forward
PAM;43170;43172;3;reverse
PAM;43167;43169;3;forward
PAM;43155;43157;3;forward
PAM;43154;43156;3;reverse
PAM;43141;43143;3;reverse
PAM;43133;43135;3;reverse
PAM;43129;43131;3;forward
PAM;43116;43118;3;forward
PAM;43115;43117;3;reverse
PAM;43096;43098;3;forward
PAM;43083;43085;3;forward
PAM;43082;43084;3;reverse
PAM;43073;43075;3;reverse
PAM;43059;43061;3;forward
PAM;43047;43049;3;reverse
PAM;43035;43037;3;forward
PAM;43031;43033;3;forward
PAM;43028;43030;3;forward
PAM;42996;42998;3;forward
PAM;42991;42993;3;forward
PAM;42990;42992;3;reverse
PAM;42986;42988;3;reverse
PAM;42970;42972;3;forward
PAM;42969;42971;3;reverse
PAM;42943;42945;3;forward
PAM;42892;42894;3;forward
PAM;42847;42849;3;forward
PAM;42824;42826;3;reverse
PAM;42821;42823;3;reverse
PAM;42814;42816;3;forward
PAM;42809;42811;3;reverse
PAM;42779;42781;3;forward
PAM;42776;42778;3;reverse
PAM;42756;42758;3;reverse
PAM;42748;42750;3;forward
PAM;42747;42749;3;reverse
PAM;42719;42721;3;forward
PAM;42718;42720;3;reverse
PAM;42713;42715;3;forward
PAM;42707;42709;3;forward
PAM;42706;42708;3;reverse
PAM;42695;42697;3;reverse
PAM;42680;42682;3;forward
PAM;42671;42673;3;forward
PAM;42650;42652;3;forward
PAM;42643;42645;3;forward
PAM;42640;42642;3;reverse
PAM;42635;42637;3;reverse
PAM;42598;42600;3;reverse
PAM;42595;42597;3;forward
PAM;42592;42594;3;reverse
PAM;42587;42589;3;forward
PAM;42583;42585;3;forward
PAM;42567;42569;3;reverse
PAM;42562;42564;3;forward
PAM;42533;42535;3;forward
PAM;42519;42521;3;forward
PAM;42518;42520;3;reverse
PAM;42510;42512;3;reverse
PAM;42485;42487;3;forward
PAM;42476;42478;3;forward
PAM;42475;42477;3;reverse
PAM;42445;42447;3;forward
PAM;42442;42444;3;forward
PAM;42441;42443;3;reverse
PAM;42364;42366;3;forward
PAM;42361;42363;3;forward
PAM;42346;42348;3;forward
PAM;42338;42340;3;reverse
PAM;42335;42337;3;reverse
PAM;42332;42334;3;reverse
PAM;42321;42323;3;forward
PAM;42316;42318;3;forward
PAM;42315;42317;3;reverse
PAM;42307;42309;3;forward
PAM;42306;42308;3;reverse
PAM;42297;42299;3;forward
PAM;42265;42267;3;forward
PAM;42256;42258;3;forward
PAM;42249;42251;3;forward
PAM;42190;42192;3;forward
PAM;42166;42168;3;forward
PAM;42162;42164;3;forward
PAM;42151;42153;3;forward
PAM;42138;42140;3;forward
PAM;42133;42135;3;reverse
PAM;42111;42113;3;reverse
PAM;42105;42107;3;forward
PAM;42102;42104;3;forward
PAM;42093;42095;3;forward
PAM;42086;42088;3;reverse
PAM;42078;42080;3;forward
PAM;42064;42066;3;forward
PAM;42048;42050;3;reverse
PAM;42028;42030;3;forward
PAM;42022;42024;3;reverse
PAM;42017;42019;3;forward
PAM;42016;42018;3;reverse
PAM;42011;42013;3;forward
PAM;42010;42012;3;reverse
PAM;41975;41977;3;forward
PAM;41951;41953;3;forward
PAM;41950;41952;3;reverse
PAM;41946;41948;3;forward
PAM;41924;41926;3;forward
PAM;41923;41925;3;reverse
PAM;41906;41908;3;reverse
PAM;41894;41896;3;forward
PAM;41893;41895;3;reverse
PAM;41882;41884;3;reverse
PAM;41866;41868;3;forward
PAM;41859;41861;3;reverse
PAM;41831;41833;3;reverse
PAM;41813;41815;3;reverse
PAM;41803;41805;3;forward
PAM;41795;41797;3;reverse
PAM;41781;41783;3;forward
PAM;41780;41782;3;reverse
PAM;41770;41772;3;forward
PAM;41763;41765;3;forward
PAM;41759;41761;3;reverse
PAM;41749;41751;3;forward
PAM;41734;41736;3;reverse
PAM;41725;41727;3;reverse
PAM;41705;41707;3;reverse
PAM;41689;41691;3;forward
PAM;41677;41679;3;forward
PAM;41664;41666;3;reverse
PAM;41656;41658;3;forward
PAM;41655;41657;3;reverse
PAM;41650;41652;3;forward
PAM;41625;41627;3;forward
PAM;41614;41616;3;reverse
PAM;41610;41612;3;reverse
PAM;41604;41606;3;forward
PAM;41603;41605;3;reverse
PAM;41590;41592;3;forward
PAM;41583;41585;3;forward
PAM;41574;41576;3;forward
PAM;41560;41562;3;forward
PAM;41548;41550;3;forward
PAM;41480;41482;3;reverse
PAM;41476;41478;3;forward
PAM;41458;41460;3;reverse
PAM;41444;41446;3;forward
PAM;41443;41445;3;reverse
PAM;41439;41441;3;reverse
PAM;41435;41437;3;forward
PAM;41427;41429;3;reverse
PAM;41415;41417;3;forward
PAM;41367;41369;3;forward
PAM;41366;41368;3;reverse
PAM;41341;41343;3;forward
PAM;41333;41335;3;reverse
PAM;41315;41317;3;reverse
PAM;41307;41309;3;forward
PAM;41304;41306;3;forward
PAM;41303;41305;3;reverse
PAM;41283;41285;3;forward
PAM;41270;41272;3;reverse
PAM;41251;41253;3;forward
PAM;41250;41252;3;reverse
PAM;41238;41240;3;forward
PAM;41217;41219;3;forward
PAM;41216;41218;3;reverse
PAM;41208;41210;3;reverse
PAM;41202;41204;3;forward
PAM;41197;41199;3;forward
PAM;41196;41198;3;reverse
PAM;41191;41193;3;forward
PAM;41188;41190;3;forward
PAM;41187;41189;3;reverse
PAM;41183;41185;3;forward
PAM;41175;41177;3;forward
PAM;41174;41176;3;reverse
PAM;41167;41169;3;reverse
PAM;41160;41162;3;forward
PAM;41151;41153;3;forward
PAM;41150;41152;3;reverse
PAM;41137;41139;3;forward
PAM;41136;41138;3;reverse
PAM;41132;41134;3;forward
PAM;41120;41122;3;forward
PAM;41088;41090;3;reverse
PAM;41069;41071;3;forward
PAM;41051;41053;3;forward
PAM;41050;41052;3;reverse
PAM;41001;41003;3;reverse
PAM;40980;40982;3;reverse
PAM;40970;40972;3;forward
PAM;40960;40962;3;forward
PAM;40954;40956;3;forward
PAM;40925;40927;3;forward
PAM;40918;40920;3;forward
PAM;40915;40917;3;reverse
PAM;40896;40898;3;reverse
PAM;40882;40884;3;reverse
PAM;40872;40874;3;reverse
PAM;40867;40869;3;reverse
PAM;40862;40864;3;forward
PAM;40841;40843;3;reverse
PAM;40831;40833;3;forward
PAM;40830;40832;3;reverse
PAM;40816;40818;3;forward
PAM;40815;40817;3;reverse
PAM;40808;40810;3;forward
PAM;40807;40809;3;reverse
PAM;40795;40797;3;forward
PAM;40794;40796;3;reverse
PAM;40742;40744;3;forward
PAM;40741;40743;3;reverse
PAM;40704;40706;3;reverse
PAM;40682;40684;3;forward
PAM;40681;40683;3;reverse
PAM;40672;40674;3;forward
PAM;40671;40673;3;reverse
PAM;40617;40619;3;forward
PAM;40616;40618;3;reverse
PAM;40611;40613;3;forward
PAM;40610;40612;3;reverse
PAM;40596;40598;3;forward
PAM;40581;40583;3;forward
PAM;40567;40569;3;reverse
PAM;40558;40560;3;forward
PAM;40532;40534;3;forward
PAM;40528;40530;3;forward
PAM;40527;40529;3;reverse
PAM;40520;40522;3;reverse
PAM;40494;40496;3;forward
PAM;40473;40475;3;forward
PAM;40437;40439;3;forward
PAM;40395;40397;3;forward
PAM;40394;40396;3;reverse
PAM;40389;40391;3;forward
PAM;40386;40388;3;forward
PAM;40378;40380;3;forward
PAM;40371;40373;3;forward
PAM;40370;40372;3;reverse
PAM;40332;40334;3;forward
PAM;40331;40333;3;reverse
PAM;40322;40324;3;reverse
PAM;40311;40313;3;forward
PAM;40300;40302;3;reverse
PAM;40294;40296;3;forward
PAM;40291;40293;3;forward
PAM;40246;40248;3;forward
PAM;40235;40237;3;reverse
PAM;40224;40226;3;reverse
PAM;40218;40220;3;forward
PAM;40207;40209;3;forward
PAM;40206;40208;3;reverse
PAM;40195;40197;3;forward
PAM;40182;40184;3;forward
PAM;40177;40179;3;forward
PAM;40144;40146;3;reverse
PAM;40139;40141;3;reverse
PAM;40135;40137;3;forward
PAM;40128;40130;3;forward
PAM;40123;40125;3;reverse
PAM;40107;40109;3;forward
PAM;40099;40101;3;forward
PAM;40072;40074;3;forward
PAM;40069;40071;3;reverse
PAM;40064;40066;3;reverse
PAM;40054;40056;3;forward
PAM;40039;40041;3;forward
PAM;40038;40040;3;reverse
PAM;40020;40022;3;forward
PAM;40011;40013;3;forward
PAM;40002;40004;3;forward
PAM;40001;40003;3;reverse
PAM;39997;39999;3;forward
PAM;39996;39998;3;reverse
PAM;39993;39995;3;forward
PAM;39982;39984;3;reverse
PAM;39979;39981;3;reverse
PAM;39964;39966;3;forward
PAM;39963;39965;3;reverse
PAM;39960;39962;3;forward
PAM;39943;39945;3;forward
PAM;39933;39935;3;forward
PAM;39925;39927;3;forward
PAM;39912;39914;3;forward
PAM;39900;39902;3;forward
PAM;39885;39887;3;reverse
PAM;39870;39872;3;forward
PAM;39869;39871;3;reverse
PAM;39856;39858;3;reverse
PAM;39850;39852;3;forward
PAM;39849;39851;3;reverse
PAM;39837;39839;3;forward
PAM;39836;39838;3;reverse
PAM;39817;39819;3;forward
PAM;39813;39815;3;forward
PAM;39803;39805;3;reverse
PAM;39774;39776;3;forward
PAM;39773;39775;3;reverse
PAM;39743;39745;3;forward
PAM;39718;39720;3;reverse
PAM;39714;39716;3;forward
PAM;39706;39708;3;reverse
PAM;39698;39700;3;forward
PAM;39690;39692;3;forward
PAM;39689;39691;3;reverse
PAM;39677;39679;3;forward
PAM;39676;39678;3;reverse
PAM;39630;39632;3;reverse
PAM;39613;39615;3;reverse
PAM;39602;39604;3;reverse
PAM;39595;39597;3;reverse
PAM;39582;39584;3;forward
PAM;39564;39566;3;forward
PAM;39549;39551;3;forward
PAM;39548;39550;3;reverse
PAM;39533;39535;3;reverse
PAM;39527;39529;3;forward
PAM;39526;39528;3;reverse
PAM;39510;39512;3;forward
PAM;39492;39494;3;reverse
PAM;39487;39489;3;reverse
PAM;39447;39449;3;reverse
PAM;39437;39439;3;forward
PAM;39436;39438;3;reverse
PAM;39431;39433;3;forward
PAM;39385;39387;3;reverse
PAM;39370;39372;3;forward
PAM;39369;39371;3;reverse
PAM;39328;39330;3;forward
PAM;39309;39311;3;forward
PAM;39308;39310;3;reverse
PAM;39292;39294;3;reverse
PAM;39283;39285;3;forward
PAM;39280;39282;3;forward
PAM;39271;39273;3;forward
PAM;39270;39272;3;reverse
PAM;39262;39264;3;reverse
PAM;39253;39255;3;reverse
PAM;39249;39251;3;reverse
PAM;39245;39247;3;reverse
PAM;39239;39241;3;reverse
PAM;39223;39225;3;forward
PAM;39214;39216;3;forward
PAM;39187;39189;3;forward
PAM;39186;39188;3;reverse
PAM;39181;39183;3;reverse
PAM;39135;39137;3;reverse
PAM;39121;39123;3;forward
PAM;39073;39075;3;forward
PAM;39046;39048;3;forward
PAM;39041;39043;3;reverse
PAM;39024;39026;3;forward
PAM;39014;39016;3;reverse
PAM;39004;39006;3;forward
PAM;38977;38979;3;reverse
PAM;38960;38962;3;reverse
PAM;38904;38906;3;reverse
PAM;38880;38882;3;reverse
PAM;38839;38841;3;reverse
PAM;38832;38834;3;forward
PAM;38831;38833;3;reverse
PAM;38827;38829;3;forward
PAM;38809;38811;3;forward
PAM;38796;38798;3;reverse
PAM;38786;38788;3;reverse
PAM;38767;38769;3;forward
PAM;38763;38765;3;reverse
PAM;38743;38745;3;reverse
PAM;38734;38736;3;forward
PAM;38731;38733;3;reverse
PAM;38725;38727;3;forward
PAM;38713;38715;3;forward
PAM;38706;38708;3;forward
PAM;38701;38703;3;forward
PAM;38694;38696;3;reverse
PAM;38690;38692;3;reverse
PAM;38671;38673;3;forward
PAM;38645;38647;3;reverse
PAM;38629;38631;3;reverse
PAM;38624;38626;3;reverse
PAM;38613;38615;3;forward
PAM;38612;38614;3;reverse
PAM;38598;38600;3;forward
PAM;38597;38599;3;reverse
PAM;38584;38586;3;forward
PAM;38569;38571;3;reverse
PAM;38553;38555;3;reverse
PAM;38543;38545;3;reverse
PAM;38530;38532;3;reverse
PAM;38504;38506;3;reverse
PAM;38500;38502;3;reverse
PAM;38489;38491;3;reverse
PAM;38467;38469;3;forward
PAM;38466;38468;3;reverse
PAM;38436;38438;3;forward
PAM;38435;38437;3;reverse
PAM;38406;38408;3;forward
PAM;38402;38404;3;forward
PAM;38401;38403;3;reverse
PAM;38398;38400;3;reverse
PAM;38392;38394;3;forward
PAM;38391;38393;3;reverse
PAM;38384;38386;3;forward
PAM;38374;38376;3;reverse
PAM;38365;38367;3;forward
PAM;38364;38366;3;reverse
PAM;38354;38356;3;reverse
PAM;38323;38325;3;reverse
PAM;38319;38321;3;forward
PAM;38318;38320;3;reverse
PAM;38314;38316;3;forward
PAM;38310;38312;3;forward
PAM;38309;38311;3;reverse
PAM;38299;38301;3;reverse
PAM;38288;38290;3;forward
PAM;38273;38275;3;forward
PAM;38255;38257;3;reverse
PAM;38243;38245;3;forward
PAM;38220;38222;3;reverse
PAM;38207;38209;3;forward
PAM;38204;38206;3;reverse
PAM;38201;38203;3;forward
PAM;38198;38200;3;forward
PAM;38192;38194;3;forward
PAM;38168;38170;3;forward
PAM;38161;38163;3;forward
PAM;38138;38140;3;forward
PAM;38135;38137;3;reverse
PAM;38125;38127;3;forward
PAM;38096;38098;3;forward
PAM;38086;38088;3;reverse
PAM;38072;38074;3;forward
PAM;38068;38070;3;forward
PAM;38067;38069;3;reverse
PAM;38051;38053;3;reverse
PAM;38018;38020;3;forward
PAM;38015;38017;3;forward
PAM;38012;38014;3;forward
PAM;38008;38010;3;forward
PAM;38000;38002;3;forward
PAM;37997;37999;3;forward
PAM;37990;37992;3;forward
PAM;37985;37987;3;forward
PAM;37982;37984;3;forward
PAM;37970;37972;3;forward
PAM;37947;37949;3;reverse
PAM;37935;37937;3;reverse
PAM;37925;37927;3;forward
PAM;37904;37906;3;forward
PAM;37900;37902;3;reverse
PAM;37886;37888;3;forward
PAM;37873;37875;3;forward
PAM;37872;37874;3;reverse
PAM;37862;37864;3;reverse
PAM;37853;37855;3;forward
PAM;37841;37843;3;forward
PAM;37840;37842;3;reverse
PAM;37837;37839;3;forward
PAM;37834;37836;3;reverse
PAM;37808;37810;3;forward
PAM;37805;37807;3;reverse
PAM;37802;37804;3;reverse
PAM;37781;37783;3;forward
PAM;37774;37776;3;forward
PAM;37773;37775;3;reverse
PAM;37764;37766;3;reverse
PAM;37730;37732;3;reverse
PAM;37708;37710;3;forward
PAM;37703;37705;3;forward
PAM;37686;37688;3;reverse
PAM;37679;37681;3;reverse
PAM;37665;37667;3;reverse
PAM;37645;37647;3;forward
PAM;37644;37646;3;reverse
PAM;37619;37621;3;forward
PAM;37615;37617;3;forward
PAM;37594;37596;3;reverse
PAM;37590;37592;3;reverse
PAM;37575;37577;3;forward
PAM;37574;37576;3;reverse
PAM;37542;37544;3;forward
PAM;37541;37543;3;reverse
PAM;37531;37533;3;forward
PAM;37526;37528;3;forward
PAM;37525;37527;3;reverse
PAM;37516;37518;3;forward
PAM;37515;37517;3;reverse
PAM;37508;37510;3;forward
PAM;37507;37509;3;reverse
PAM;37474;37476;3;reverse
PAM;37471;37473;3;reverse
PAM;37462;37464;3;forward
PAM;37455;37457;3;reverse
PAM;37448;37450;3;forward
PAM;37442;37444;3;forward
PAM;37441;37443;3;reverse
PAM;37438;37440;3;reverse
PAM;37397;37399;3;forward
PAM;37374;37376;3;reverse
PAM;37370;37372;3;reverse
PAM;37342;37344;3;forward
PAM;37315;37317;3;reverse
PAM;37310;37312;3;forward
PAM;37309;37311;3;reverse
PAM;37291;37293;3;reverse
PAM;37285;37287;3;forward
PAM;37284;37286;3;reverse
PAM;37258;37260;3;forward
PAM;37227;37229;3;reverse
PAM;37223;37225;3;forward
PAM;37222;37224;3;reverse
PAM;37205;37207;3;reverse
PAM;37201;37203;3;forward
PAM;37200;37202;3;reverse
PAM;37194;37196;3;forward
PAM;37183;37185;3;forward
PAM;37177;37179;3;forward
PAM;37174;37176;3;forward
PAM;37146;37148;3;reverse
PAM;37126;37128;3;forward
PAM;37111;37113;3;forward
PAM;37105;37107;3;forward
PAM;37087;37089;3;forward
PAM;37086;37088;3;reverse
PAM;37066;37068;3;forward
PAM;37061;37063;3;reverse
PAM;37055;37057;3;reverse
PAM;37040;37042;3;reverse
PAM;36975;36977;3;reverse
PAM;36946;36948;3;forward
PAM;36934;36936;3;forward
PAM;36931;36933;3;reverse
PAM;36926;36928;3;reverse
PAM;36919;36921;3;reverse
PAM;36916;36918;3;reverse
PAM;36907;36909;3;forward
PAM;36904;36906;3;forward
PAM;36897;36899;3;forward
PAM;36874;36876;3;forward
PAM;36854;36856;3;forward
PAM;36853;36855;3;reverse
PAM;36841;36843;3;reverse
PAM;36827;36829;3;forward
PAM;36822;36824;3;forward
PAM;36801;36803;3;reverse
PAM;36783;36785;3;reverse
PAM;36770;36772;3;forward
PAM;36769;36771;3;reverse
PAM;36726;36728;3;reverse
PAM;36716;36718;3;reverse
PAM;36712;36714;3;reverse
PAM;36689;36691;3;forward
PAM;36688;36690;3;reverse
PAM;36659;36661;3;forward
PAM;36658;36660;3;reverse
PAM;36650;36652;3;forward
PAM;36594;36596;3;forward
PAM;36587;36589;3;forward
PAM;36586;36588;3;reverse
PAM;36570;36572;3;forward
PAM;36569;36571;3;reverse
PAM;36546;36548;3;forward
PAM;36543;36545;3;forward
PAM;36521;36523;3;reverse
PAM;36509;36511;3;forward
PAM;36508;36510;3;reverse
PAM;36504;36506;3;forward
PAM;36490;36492;3;reverse
PAM;36473;36475;3;forward
PAM;36472;36474;3;reverse
PAM;36456;36458;3;forward
PAM;36453;36455;3;reverse
PAM;36441;36443;3;forward
PAM;36374;36376;3;reverse
PAM;36348;36350;3;reverse
PAM;36297;36299;3;forward
PAM;36276;36278;3;reverse
PAM;36270;36272;3;forward
PAM;36245;36247;3;reverse
PAM;36241;36243;3;reverse
PAM;36238;36240;3;reverse
PAM;36223;36225;3;reverse
PAM;36207;36209;3;forward
PAM;36195;36197;3;forward
PAM;36175;36177;3;reverse
PAM;36168;36170;3;reverse
PAM;36159;36161;3;forward
PAM;36134;36136;3;forward
PAM;36128;36130;3;reverse
PAM;36123;36125;3;forward
PAM;36115;36117;3;reverse
PAM;36111;36113;3;reverse
PAM;36098;36100;3;forward
PAM;36071;36073;3;reverse
PAM;36053;36055;3;reverse
PAM;36033;36035;3;reverse
PAM;36027;36029;3;reverse
PAM;36012;36014;3;forward
PAM;36011;36013;3;reverse
PAM;35991;35993;3;forward
PAM;35981;35983;3;forward
PAM;35980;35982;3;reverse
PAM;35968;35970;3;reverse
PAM;35964;35966;3;forward
PAM;35957;35959;3;forward
PAM;35956;35958;3;reverse
PAM;35952;35954;3;reverse
PAM;35940;35942;3;forward
PAM;35939;35941;3;reverse
PAM;35925;35927;3;forward
PAM;35901;35903;3;forward
PAM;35898;35900;3;reverse
PAM;35895;35897;3;forward
PAM;35880;35882;3;reverse
PAM;35855;35857;3;forward
PAM;35854;35856;3;reverse
PAM;35838;35840;3;reverse
PAM;35835;35837;3;forward
PAM;35820;35822;3;forward
PAM;35813;35815;3;reverse
PAM;35796;35798;3;forward
PAM;35793;35795;3;reverse
PAM;35772;35774;3;forward
PAM;35754;35756;3;forward
PAM;35753;35755;3;reverse
PAM;35726;35728;3;forward
PAM;35721;35723;3;forward
PAM;35718;35720;3;forward
PAM;35711;35713;3;forward
PAM;35710;35712;3;reverse
PAM;35692;35694;3;reverse
PAM;35687;35689;3;forward
PAM;35649;35651;3;forward
PAM;35642;35644;3;forward
PAM;35641;35643;3;reverse
PAM;35603;35605;3;reverse
PAM;35598;35600;3;reverse
PAM;35591;35593;3;forward
PAM;35574;35576;3;forward
PAM;35573;35575;3;reverse
PAM;35565;35567;3;reverse
PAM;35543;35545;3;reverse
PAM;35529;35531;3;forward
PAM;35526;35528;3;reverse
PAM;35502;35504;3;forward
PAM;35499;35501;3;forward
PAM;35481;35483;3;forward
PAM;35447;35449;3;forward
PAM;35446;35448;3;reverse
PAM;35424;35426;3;forward
PAM;35423;35425;3;reverse
PAM;35414;35416;3;forward
PAM;35413;35415;3;reverse
PAM;35410;35412;3;reverse
PAM;35391;35393;3;forward
PAM;35376;35378;3;reverse
PAM;35361;35363;3;forward
PAM;35360;35362;3;reverse
PAM;35349;35351;3;forward
PAM;35348;35350;3;reverse
PAM;35330;35332;3;reverse
PAM;35314;35316;3;reverse
PAM;35292;35294;3;forward
PAM;35274;35276;3;forward
PAM;35273;35275;3;reverse
PAM;35246;35248;3;forward
PAM;35245;35247;3;reverse
PAM;35207;35209;3;forward
PAM;35206;35208;3;reverse
PAM;35199;35201;3;forward
PAM;35195;35197;3;forward
PAM;35194;35196;3;reverse
PAM;35182;35184;3;reverse
PAM;35163;35165;3;forward
PAM;35160;35162;3;forward
PAM;35156;35158;3;reverse
PAM;35153;35155;3;reverse
PAM;35131;35133;3;reverse
PAM;35111;35113;3;forward
PAM;35106;35108;3;forward
PAM;35101;35103;3;reverse
PAM;35094;35096;3;reverse
PAM;35082;35084;3;forward
PAM;35074;35076;3;reverse
PAM;35061;35063;3;forward
PAM;35054;35056;3;reverse
PAM;35010;35012;3;forward
PAM;35001;35003;3;reverse
PAM;34952;34954;3;forward
PAM;34951;34953;3;reverse
PAM;34931;34933;3;reverse
PAM;34924;34926;3;reverse
PAM;34920;34922;3;reverse
PAM;34911;34913;3;reverse
PAM;34908;34910;3;forward
PAM;34907;34909;3;reverse
PAM;34895;34897;3;reverse
PAM;34887;34889;3;forward
PAM;34851;34853;3;forward
PAM;34850;34852;3;reverse
PAM;34841;34843;3;reverse
PAM;34832;34834;3;forward
PAM;34831;34833;3;reverse
PAM;34824;34826;3;reverse
PAM;34805;34807;3;forward
PAM;34796;34798;3;forward
PAM;34795;34797;3;reverse
PAM;34758;34760;3;reverse
PAM;34748;34750;3;reverse
PAM;34733;34735;3;forward
PAM;34722;34724;3;reverse
PAM;34715;34717;3;reverse
PAM;34706;34708;3;reverse
PAM;34686;34688;3;reverse
PAM;34681;34683;3;reverse
PAM;34677;34679;3;forward
PAM;34664;34666;3;forward
PAM;34655;34657;3;forward
PAM;34636;34638;3;reverse
PAM;34627;34629;3;reverse
PAM;34617;34619;3;forward
PAM;34616;34618;3;reverse
PAM;34583;34585;3;forward
PAM;34582;34584;3;reverse
PAM;34572;34574;3;forward
PAM;34565;34567;3;forward
PAM;34556;34558;3;forward
PAM;34548;34550;3;forward
PAM;34537;34539;3;reverse
PAM;34529;34531;3;forward
PAM;34516;34518;3;reverse
PAM;34441;34443;3;reverse
PAM;34437;34439;3;forward
PAM;34430;34432;3;forward
PAM;34429;34431;3;reverse
PAM;34419;34421;3;forward
PAM;34407;34409;3;reverse
PAM;34380;34382;3;forward
PAM;34372;34374;3;reverse
PAM;34363;34365;3;reverse
PAM;34356;34358;3;forward
PAM;34349;34351;3;forward
PAM;34345;34347;3;forward
PAM;34344;34346;3;reverse
PAM;34316;34318;3;forward
PAM;34312;34314;3;forward
PAM;34311;34313;3;reverse
PAM;34303;34305;3;forward
PAM;34274;34276;3;reverse
PAM;34270;34272;3;reverse
PAM;34221;34223;3;reverse
PAM;34207;34209;3;forward
PAM;34204;34206;3;reverse
PAM;34177;34179;3;forward
PAM;34167;34169;3;reverse
PAM;34128;34130;3;reverse
PAM;34106;34108;3;reverse
PAM;34099;34101;3;reverse
PAM;34064;34066;3;forward
PAM;34046;34048;3;reverse
PAM;34009;34011;3;reverse
PAM;34006;34008;3;forward
PAM;34005;34007;3;reverse
PAM;33994;33996;3;forward
PAM;33993;33995;3;reverse
PAM;33985;33987;3;forward
PAM;33984;33986;3;reverse
PAM;33979;33981;3;forward
PAM;33978;33980;3;reverse
PAM;33965;33967;3;reverse
PAM;33941;33943;3;forward
PAM;33940;33942;3;reverse
PAM;33928;33930;3;reverse
PAM;33887;33889;3;forward
PAM;33886;33888;3;reverse
PAM;33881;33883;3;forward
PAM;33870;33872;3;reverse
PAM;33840;33842;3;reverse
PAM;33824;33826;3;forward
PAM;33815;33817;3;reverse
PAM;33805;33807;3;forward
PAM;33800;33802;3;forward
PAM;33773;33775;3;forward
PAM;33768;33770;3;reverse
PAM;33750;33752;3;reverse
PAM;33719;33721;3;reverse
PAM;33678;33680;3;reverse
PAM;33670;33672;3;reverse
PAM;33646;33648;3;reverse
PAM;33627;33629;3;reverse
PAM;33613;33615;3;forward
PAM;33606;33608;3;reverse
PAM;33597;33599;3;forward
PAM;33596;33598;3;reverse
PAM;33575;33577;3;forward
PAM;33568;33570;3;reverse
PAM;33559;33561;3;reverse
PAM;33554;33556;3;forward
PAM;33553;33555;3;reverse
PAM;33542;33544;3;reverse
PAM;33533;33535;3;forward
PAM;33532;33534;3;reverse
PAM;33526;33528;3;reverse
PAM;33523;33525;3;reverse
PAM;33515;33517;3;reverse
PAM;33510;33512;3;forward
PAM;33500;33502;3;reverse
PAM;33497;33499;3;forward
PAM;33496;33498;3;reverse
PAM;33492;33494;3;forward
PAM;33488;33490;3;forward
PAM;33487;33489;3;reverse
PAM;33450;33452;3;reverse
PAM;33447;33449;3;forward
PAM;33443;33445;3;reverse
PAM;33432;33434;3;forward
PAM;33431;33433;3;reverse
PAM;33420;33422;3;reverse
PAM;33416;33418;3;reverse
PAM;33410;33412;3;reverse
PAM;33403;33405;3;forward
PAM;33400;33402;3;reverse
PAM;33389;33391;3;forward
PAM;33388;33390;3;reverse
PAM;33365;33367;3;forward
PAM;33364;33366;3;reverse
PAM;33332;33334;3;reverse
PAM;33301;33303;3;reverse
PAM;33292;33294;3;reverse
PAM;33288;33290;3;reverse
PAM;33266;33268;3;forward
PAM;33265;33267;3;reverse
PAM;33247;33249;3;forward
PAM;33218;33220;3;forward
PAM;33217;33219;3;reverse
PAM;33197;33199;3;reverse
PAM;33157;33159;3;forward
PAM;33146;33148;3;forward
PAM;33145;33147;3;reverse
PAM;33137;33139;3;forward
PAM;33123;33125;3;reverse
PAM;33097;33099;3;reverse
PAM;33085;33087;3;forward
PAM;33084;33086;3;reverse
PAM;33077;33079;3;forward
PAM;33076;33078;3;reverse
PAM;33067;33069;3;forward
PAM;33055;33057;3;forward
PAM;33046;33048;3;forward
PAM;33039;33041;3;forward
PAM;33038;33040;3;reverse
PAM;33026;33028;3;reverse
PAM;33022;33024;3;forward
PAM;32991;32993;3;forward
PAM;32941;32943;3;forward
PAM;32938;32940;3;forward
PAM;32937;32939;3;reverse
PAM;32933;32935;3;reverse
PAM;32925;32927;3;forward
PAM;32924;32926;3;reverse
PAM;32916;32918;3;forward
PAM;32896;32898;3;reverse
PAM;32866;32868;3;forward
PAM;32865;32867;3;reverse
PAM;32838;32840;3;forward
PAM;32837;32839;3;reverse
PAM;32781;32783;3;forward
PAM;32780;32782;3;reverse
PAM;32741;32743;3;reverse
PAM;32725;32727;3;forward
PAM;32724;32726;3;reverse
PAM;32718;32720;3;forward
PAM;32717;32719;3;reverse
PAM;32709;32711;3;forward
PAM;32693;32695;3;reverse
PAM;32689;32691;3;forward
PAM;32686;32688;3;forward
PAM;32678;32680;3;reverse
PAM;32625;32627;3;reverse
PAM;32605;32607;3;forward
PAM;32604;32606;3;reverse
PAM;32586;32588;3;forward
PAM;32574;32576;3;reverse
PAM;32571;32573;3;reverse
PAM;32548;32550;3;forward
PAM;32538;32540;3;reverse
PAM;32520;32522;3;forward
PAM;32499;32501;3;forward
PAM;32498;32500;3;reverse
PAM;32480;32482;3;reverse
PAM;32449;32451;3;forward
PAM;32446;32448;3;reverse
PAM;32432;32434;3;reverse
PAM;32383;32385;3;forward
PAM;32355;32357;3;forward
PAM;32354;32356;3;reverse
PAM;32331;32333;3;forward
PAM;32323;32325;3;forward
PAM;32313;32315;3;forward
PAM;32310;32312;3;reverse
PAM;32302;32304;3;forward
PAM;32301;32303;3;reverse
PAM;32291;32293;3;forward
PAM;32290;32292;3;reverse
PAM;32282;32284;3;reverse
PAM;32274;32276;3;forward
PAM;32271;32273;3;forward
PAM;32270;32272;3;reverse
PAM;32255;32257;3;forward
PAM;32232;32234;3;forward
PAM;32224;32226;3;reverse
PAM;32221;32223;3;reverse
PAM;32216;32218;3;forward
PAM;32215;32217;3;reverse
PAM;32171;32173;3;reverse
PAM;32168;32170;3;forward
PAM;32167;32169;3;reverse
PAM;32147;32149;3;reverse
PAM;32120;32122;3;reverse
PAM;32113;32115;3;reverse
PAM;32106;32108;3;forward
PAM;32105;32107;3;reverse
PAM;32090;32092;3;reverse
PAM;32085;32087;3;forward
PAM;32084;32086;3;reverse
PAM;32076;32078;3;reverse
PAM;32055;32057;3;forward
PAM;32045;32047;3;forward
PAM;32039;32041;3;reverse
PAM;32031;32033;3;reverse
PAM;32022;32024;3;forward
PAM;32008;32010;3;reverse
PAM;32001;32003;3;reverse
PAM;31985;31987;3;forward
PAM;31974;31976;3;forward
PAM;31967;31969;3;forward
PAM;31956;31958;3;reverse
PAM;31934;31936;3;reverse
PAM;31928;31930;3;reverse
PAM;31919;31921;3;reverse
PAM;31911;31913;3;forward
PAM;31910;31912;3;reverse
PAM;31907;31909;3;reverse
PAM;31897;31899;3;forward
PAM;31896;31898;3;reverse
PAM;31871;31873;3;reverse
PAM;31811;31813;3;reverse
PAM;31800;31802;3;forward
PAM;31799;31801;3;reverse
PAM;31786;31788;3;reverse
PAM;31771;31773;3;forward
PAM;31759;31761;3;forward
PAM;31758;31760;3;reverse
PAM;31747;31749;3;forward
PAM;31738;31740;3;forward
PAM;31723;31725;3;forward
PAM;31639;31641;3;forward
PAM;31629;31631;3;reverse
PAM;31626;31628;3;reverse
PAM;31608;31610;3;reverse
PAM;31594;31596;3;reverse
PAM;31582;31584;3;forward
PAM;31579;31581;3;reverse
PAM;31571;31573;3;reverse
PAM;31546;31548;3;forward
PAM;31529;31531;3;reverse
PAM;31504;31506;3;forward
PAM;31451;31453;3;reverse
PAM;31415;31417;3;reverse
PAM;31367;31369;3;reverse
PAM;31336;31338;3;forward
PAM;31335;31337;3;reverse
PAM;31324;31326;3;forward
PAM;31311;31313;3;reverse
PAM;31261;31263;3;reverse
PAM;31256;31258;3;reverse
PAM;31209;31211;3;reverse
PAM;31198;31200;3;forward
PAM;31195;31197;3;forward
PAM;31194;31196;3;reverse
PAM;31177;31179;3;reverse
PAM;31150;31152;3;forward
PAM;31149;31151;3;reverse
PAM;31144;31146;3;forward
PAM;31092;31094;3;forward
PAM;31074;31076;3;forward
PAM;31038;31040;3;forward
PAM;31029;31031;3;forward
PAM;31028;31030;3;reverse
PAM;31017;31019;3;reverse
PAM;30991;30993;3;forward
PAM;30987;30989;3;reverse
PAM;30972;30974;3;forward
PAM;30971;30973;3;reverse
PAM;30967;30969;3;forward
PAM;30953;30955;3;reverse
PAM;30936;30938;3;forward
PAM;30935;30937;3;reverse
PAM;30932;30934;3;reverse
PAM;30913;30915;3;forward
PAM;30895;30897;3;forward
PAM;30857;30859;3;reverse
PAM;30852;30854;3;forward
PAM;30811;30813;3;forward
PAM;30810;30812;3;reverse
PAM;30803;30805;3;reverse
PAM;30786;30788;3;forward
PAM;30785;30787;3;reverse
PAM;30768;30770;3;forward
PAM;30761;30763;3;forward
PAM;30758;30760;3;forward
PAM;30757;30759;3;reverse
PAM;30754;30756;3;forward
PAM;30751;30753;3;forward
PAM;30750;30752;3;reverse
PAM;30747;30749;3;forward
PAM;30744;30746;3;forward
PAM;30737;30739;3;forward
PAM;30736;30738;3;reverse
PAM;30717;30719;3;forward
PAM;30698;30700;3;forward
PAM;30683;30685;3;forward
PAM;30682;30684;3;reverse
PAM;30669;30671;3;forward
PAM;30581;30583;3;forward
PAM;30562;30564;3;reverse
PAM;30552;30554;3;forward
PAM;30551;30553;3;reverse
PAM;30547;30549;3;forward
PAM;30531;30533;3;reverse
PAM;30506;30508;3;reverse
PAM;30486;30488;3;forward
PAM;30485;30487;3;reverse
PAM;30468;30470;3;forward
PAM;30467;30469;3;reverse
PAM;30454;30456;3;forward
PAM;30453;30455;3;reverse
PAM;30447;30449;3;forward
PAM;30446;30448;3;reverse
PAM;30402;30404;3;forward
PAM;30393;30395;3;forward
PAM;30382;30384;3;forward
PAM;30381;30383;3;reverse
PAM;30363;30365;3;forward
PAM;30362;30364;3;reverse
PAM;30354;30356;3;reverse
PAM;30351;30353;3;reverse
PAM;30344;30346;3;reverse
PAM;30333;30335;3;forward
PAM;30330;30332;3;reverse
PAM;30321;30323;3;forward
PAM;30310;30312;3;forward
PAM;30287;30289;3;forward
PAM;30286;30288;3;reverse
PAM;30283;30285;3;forward
PAM;30274;30276;3;forward
PAM;30266;30268;3;forward
PAM;30241;30243;3;forward
PAM;30240;30242;3;reverse
PAM;30224;30226;3;forward
PAM;30204;30206;3;reverse
PAM;30157;30159;3;forward
PAM;30136;30138;3;forward
PAM;30110;30112;3;forward
PAM;30061;30063;3;forward
PAM;30058;30060;3;reverse
PAM;30051;30053;3;forward
PAM;30050;30052;3;reverse
PAM;30044;30046;3;forward
PAM;30043;30045;3;reverse
PAM;30038;30040;3;forward
PAM;30037;30039;3;reverse
PAM;30033;30035;3;forward
PAM;30020;30022;3;forward
PAM;30004;30006;3;forward
PAM;30003;30005;3;reverse
PAM;29997;29999;3;reverse
PAM;29969;29971;3;forward
PAM;29962;29964;3;forward
PAM;29957;29959;3;forward
PAM;29956;29958;3;reverse
PAM;29942;29944;3;reverse
PAM;29938;29940;3;forward
PAM;29919;29921;3;reverse
PAM;29902;29904;3;forward
PAM;29901;29903;3;reverse
PAM;29889;29891;3;reverse
PAM;29836;29838;3;reverse
PAM;29822;29824;3;reverse
PAM;29818;29820;3;reverse
PAM;29797;29799;3;reverse
PAM;29752;29754;3;forward
PAM;29751;29753;3;reverse
PAM;29740;29742;3;forward
PAM;29739;29741;3;reverse
PAM;29718;29720;3;forward
PAM;29678;29680;3;reverse
PAM;29674;29676;3;reverse
PAM;29670;29672;3;forward
PAM;29669;29671;3;reverse
PAM;29661;29663;3;reverse
PAM;29656;29658;3;reverse
PAM;29650;29652;3;forward
PAM;29649;29651;3;reverse
PAM;29636;29638;3;reverse
PAM;29625;29627;3;forward
PAM;29602;29604;3;forward
PAM;29601;29603;3;reverse
PAM;29597;29599;3;forward
PAM;29596;29598;3;reverse
PAM;29574;29576;3;forward
PAM;29563;29565;3;reverse
PAM;29551;29553;3;forward
PAM;29544;29546;3;forward
PAM;29540;29542;3;forward
PAM;29539;29541;3;reverse
PAM;29524;29526;3;reverse
PAM;29509;29511;3;forward
PAM;29497;29499;3;forward
PAM;29459;29461;3;reverse
PAM;29445;29447;3;reverse
PAM;29426;29428;3;forward
PAM;29425;29427;3;reverse
PAM;29396;29398;3;forward
PAM;29375;29377;3;forward
PAM;29374;29376;3;reverse
PAM;29350;29352;3;reverse
PAM;29344;29346;3;reverse
PAM;29321;29323;3;forward
PAM;29313;29315;3;forward
PAM;29286;29288;3;forward
PAM;29282;29284;3;forward
PAM;29281;29283;3;reverse
PAM;29246;29248;3;forward
PAM;29245;29247;3;reverse
PAM;29240;29242;3;reverse
PAM;29222;29224;3;forward
PAM;29221;29223;3;reverse
PAM;29198;29200;3;forward
PAM;29197;29199;3;reverse
PAM;29193;29195;3;forward
PAM;29192;29194;3;reverse
PAM;29185;29187;3;forward
PAM;29182;29184;3;reverse
PAM;29111;29113;3;reverse
PAM;29095;29097;3;reverse
PAM;29081;29083;3;forward
PAM;29080;29082;3;reverse
PAM;29062;29064;3;forward
PAM;29025;29027;3;forward
PAM;29019;29021;3;reverse
PAM;28999;29001;3;reverse
PAM;28986;28988;3;forward
PAM;28969;28971;3;forward
PAM;28968;28970;3;reverse
PAM;28954;28956;3;forward
PAM;28929;28931;3;forward
PAM;28921;28923;3;forward
PAM;28920;28922;3;reverse
PAM;28885;28887;3;reverse
PAM;28877;28879;3;reverse
PAM;28830;28832;3;reverse
PAM;28810;28812;3;forward
PAM;28809;28811;3;reverse
PAM;28803;28805;3;forward
PAM;28802;28804;3;reverse
PAM;28796;28798;3;forward
PAM;28793;28795;3;forward
PAM;28776;28778;3;reverse
PAM;28772;28774;3;forward
PAM;28758;28760;3;forward
PAM;28757;28759;3;reverse
PAM;28746;28748;3;reverse
PAM;28740;28742;3;reverse
PAM;28725;28727;3;reverse
PAM;28719;28721;3;reverse
PAM;28693;28695;3;forward
PAM;28692;28694;3;reverse
PAM;28682;28684;3;reverse
PAM;28677;28679;3;reverse
PAM;28664;28666;3;reverse
PAM;28655;28657;3;forward
PAM;28644;28646;3;forward
PAM;28643;28645;3;reverse
PAM;28638;28640;3;forward
PAM;28630;28632;3;forward
PAM;28599;28601;3;reverse
PAM;28591;28593;3;reverse
PAM;28580;28582;3;reverse
PAM;28550;28552;3;reverse
PAM;28540;28542;3;forward
PAM;28539;28541;3;reverse
PAM;28536;28538;3;forward
PAM;28535;28537;3;reverse
PAM;28531;28533;3;forward
PAM;28524;28526;3;forward
PAM;28506;28508;3;forward
PAM;28505;28507;3;reverse
PAM;28480;28482;3;reverse
PAM;28468;28470;3;forward
PAM;28467;28469;3;reverse
PAM;28434;28436;3;reverse
PAM;28426;28428;3;forward
PAM;28425;28427;3;reverse
PAM;28417;28419;3;forward
PAM;28399;28401;3;reverse
PAM;28381;28383;3;forward
PAM;28373;28375;3;reverse
PAM;28359;28361;3;forward
PAM;28310;28312;3;reverse
PAM;28294;28296;3;forward
PAM;28293;28295;3;reverse
PAM;28246;28248;3;forward
PAM;28224;28226;3;forward
PAM;28223;28225;3;reverse
PAM;28200;28202;3;reverse
PAM;28183;28185;3;forward
PAM;28179;28181;3;reverse
PAM;28173;28175;3;forward
PAM;28167;28169;3;reverse
PAM;28164;28166;3;forward
PAM;28163;28165;3;reverse
PAM;28160;28162;3;forward
PAM;28151;28153;3;forward
PAM;28139;28141;3;reverse
PAM;28136;28138;3;reverse
PAM;28131;28133;3;reverse
PAM;28121;28123;3;forward
PAM;28080;28082;3;reverse
PAM;28052;28054;3;forward
PAM;28048;28050;3;forward
PAM;28047;28049;3;reverse
PAM;28042;28044;3;reverse
PAM;28016;28018;3;reverse
PAM;28004;28006;3;reverse
PAM;27992;27994;3;forward
PAM;27982;27984;3;forward
PAM;27979;27981;3;forward
PAM;27978;27980;3;reverse
PAM;27942;27944;3;reverse
PAM;27931;27933;3;forward
PAM;27930;27932;3;reverse
PAM;27856;27858;3;forward
PAM;27855;27857;3;reverse
PAM;27811;27813;3;forward
PAM;27763;27765;3;reverse
PAM;27760;27762;3;reverse
PAM;27754;27756;3;forward
PAM;27701;27703;3;forward
PAM;27695;27697;3;forward
PAM;27686;27688;3;reverse
PAM;27680;27682;3;forward
PAM;27667;27669;3;forward
PAM;27656;27658;3;forward
PAM;27649;27651;3;reverse
PAM;27646;27648;3;reverse
PAM;27598;27600;3;forward
PAM;27584;27586;3;reverse
PAM;27578;27580;3;forward
PAM;27577;27579;3;reverse
PAM;27565;27567;3;forward
PAM;27545;27547;3;forward
PAM;27544;27546;3;reverse
PAM;27532;27534;3;forward
PAM;27520;27522;3;reverse
PAM;27497;27499;3;forward
PAM;27496;27498;3;reverse
PAM;27482;27484;3;forward
PAM;27477;27479;3;reverse
PAM;27473;27475;3;forward
PAM;27457;27459;3;forward
PAM;27456;27458;3;reverse
PAM;27446;27448;3;forward
PAM;27443;27445;3;forward
PAM;27399;27401;3;reverse
PAM;27380;27382;3;reverse
PAM;27370;27372;3;reverse
PAM;27359;27361;3;forward
PAM;27358;27360;3;reverse
PAM;27340;27342;3;reverse
PAM;27328;27330;3;forward
PAM;27327;27329;3;reverse
PAM;27313;27315;3;reverse
PAM;27307;27309;3;forward
PAM;27306;27308;3;reverse
PAM;27302;27304;3;forward
PAM;27299;27301;3;forward
PAM;27287;27289;3;reverse
PAM;27274;27276;3;forward
PAM;27273;27275;3;reverse
PAM;27264;27266;3;reverse
PAM;27245;27247;3;forward
PAM;27224;27226;3;forward
PAM;27223;27225;3;reverse
PAM;27211;27213;3;reverse
PAM;27183;27185;3;reverse
PAM;27173;27175;3;forward
PAM;27172;27174;3;reverse
PAM;27157;27159;3;reverse
PAM;27133;27135;3;forward
PAM;27128;27130;3;forward
PAM;27127;27129;3;reverse
PAM;27118;27120;3;reverse
PAM;27108;27110;3;reverse
PAM;27105;27107;3;reverse
PAM;27101;27103;3;reverse
PAM;27096;27098;3;forward
PAM;27083;27085;3;forward
PAM;27078;27080;3;forward
PAM;27077;27079;3;reverse
PAM;27073;27075;3;reverse
PAM;27060;27062;3;forward
PAM;27059;27061;3;reverse
PAM;27050;27052;3;forward
PAM;27041;27043;3;reverse
PAM;27013;27015;3;reverse
PAM;27007;27009;3;reverse
PAM;26993;26995;3;forward
PAM;26989;26991;3;reverse
PAM;26984;26986;3;forward
PAM;26970;26972;3;forward
PAM;26965;26967;3;reverse
PAM;26961;26963;3;reverse
PAM;26957;26959;3;reverse
PAM;26929;26931;3;reverse
PAM;26925;26927;3;forward
PAM;26912;26914;3;reverse
PAM;26906;26908;3;reverse
PAM;26902;26904;3;reverse
PAM;26889;26891;3;forward
PAM;26888;26890;3;reverse
PAM;26875;26877;3;reverse
PAM;26865;26867;3;forward
PAM;26853;26855;3;forward
PAM;26848;26850;3;reverse
PAM;26841;26843;3;reverse
PAM;26826;26828;3;forward
PAM;26823;26825;3;forward
PAM;26818;26820;3;reverse
PAM;26799;26801;3;forward
PAM;26796;26798;3;reverse
PAM;26786;26788;3;forward
PAM;26785;26787;3;reverse
PAM;26778;26780;3;forward
PAM;26756;26758;3;forward
PAM;26750;26752;3;reverse
PAM;26740;26742;3;reverse
PAM;26727;26729;3;reverse
PAM;26724;26726;3;forward
PAM;26723;26725;3;reverse
PAM;26706;26708;3;reverse
PAM;26696;26698;3;forward
PAM;26668;26670;3;reverse
PAM;26639;26641;3;forward
PAM;26635;26637;3;reverse
PAM;26616;26618;3;forward
PAM;26613;26615;3;reverse
PAM;26606;26608;3;forward
PAM;26605;26607;3;reverse
PAM;26580;26582;3;reverse
PAM;26564;26566;3;forward
PAM;26563;26565;3;reverse
PAM;26545;26547;3;reverse
PAM;26532;26534;3;forward
PAM;26526;26528;3;forward
PAM;26523;26525;3;forward
PAM;26522;26524;3;reverse
PAM;26518;26520;3;reverse
PAM;26514;26516;3;forward
PAM;26502;26504;3;forward
PAM;26499;26501;3;forward
PAM;26457;26459;3;forward
PAM;26426;26428;3;reverse
PAM;26422;26424;3;reverse
PAM;26418;26420;3;forward
PAM;26408;26410;3;forward
PAM;26403;26405;3;forward
PAM;26399;26401;3;forward
PAM;26364;26366;3;reverse
PAM;26328;26330;3;forward
PAM;26327;26329;3;reverse
PAM;26316;26318;3;forward
PAM;26302;26304;3;reverse
PAM;26292;26294;3;forward
PAM;26286;26288;3;reverse
PAM;26276;26278;3;forward
PAM;26237;26239;3;forward
PAM;26236;26238;3;reverse
PAM;26229;26231;3;forward
PAM;26226;26228;3;forward
PAM;26209;26211;3;reverse
PAM;26195;26197;3;forward
PAM;26184;26186;3;reverse
PAM;26171;26173;3;reverse
PAM;26154;26156;3;forward
PAM;26128;26130;3;reverse
PAM;26094;26096;3;reverse
PAM;26086;26088;3;reverse
PAM;26040;26042;3;forward
PAM;26027;26029;3;reverse
PAM;25943;25945;3;forward
PAM;25931;25933;3;forward
PAM;25921;25923;3;reverse
PAM;25917;25919;3;forward
PAM;25896;25898;3;forward
PAM;25895;25897;3;reverse
PAM;25884;25886;3;reverse
PAM;25876;25878;3;reverse
PAM;25864;25866;3;forward
PAM;25863;25865;3;reverse
PAM;25858;25860;3;reverse
PAM;25812;25814;3;reverse
PAM;25797;25799;3;forward
PAM;25796;25798;3;reverse
PAM;25765;25767;3;reverse
PAM;25755;25757;3;forward
PAM;25750;25752;3;forward
PAM;25739;25741;3;reverse
PAM;25717;25719;3;forward
PAM;25701;25703;3;reverse
PAM;25690;25692;3;forward
PAM;25680;25682;3;forward
PAM;25672;25674;3;forward
PAM;25654;25656;3;forward
PAM;25642;25644;3;forward
PAM;25641;25643;3;reverse
PAM;25630;25632;3;forward
PAM;25609;25611;3;reverse
PAM;25575;25577;3;forward
PAM;25574;25576;3;reverse
PAM;25560;25562;3;forward
PAM;25559;25561;3;reverse
PAM;25537;25539;3;forward
PAM;25532;25534;3;reverse
PAM;25521;25523;3;forward
PAM;25520;25522;3;reverse
PAM;25496;25498;3;reverse
PAM;25471;25473;3;forward
PAM;25470;25472;3;reverse
PAM;25428;25430;3;reverse
PAM;25410;25412;3;forward
PAM;25404;25406;3;reverse
PAM;25393;25395;3;forward
PAM;25377;25379;3;forward
PAM;25376;25378;3;reverse
PAM;25369;25371;3;forward
PAM;25335;25337;3;reverse
PAM;25287;25289;3;forward
PAM;25286;25288;3;reverse
PAM;25263;25265;3;forward
PAM;25256;25258;3;reverse
PAM;25251;25253;3;forward
PAM;25245;25247;3;reverse
PAM;25214;25216;3;forward
PAM;25213;25215;3;reverse
PAM;25208;25210;3;reverse
PAM;25195;25197;3;forward
PAM;25194;25196;3;reverse
PAM;25186;25188;3;forward
PAM;25185;25187;3;reverse
PAM;25150;25152;3;forward
PAM;25149;25151;3;reverse
PAM;25135;25137;3;forward
PAM;25134;25136;3;reverse
PAM;25130;25132;3;forward
PAM;25124;25126;3;forward
PAM;25120;25122;3;forward
PAM;25119;25121;3;reverse
PAM;25081;25083;3;forward
PAM;25060;25062;3;forward
PAM;25044;25046;3;reverse
PAM;25039;25041;3;reverse
PAM;25028;25030;3;forward
PAM;25027;25029;3;reverse
PAM;25004;25006;3;forward
PAM;24992;24994;3;forward
PAM;24980;24982;3;forward
PAM;24973;24975;3;forward
PAM;24961;24963;3;forward
PAM;24960;24962;3;reverse
PAM;24936;24938;3;reverse
PAM;24914;24916;3;reverse
PAM;24899;24901;3;reverse
PAM;24896;24898;3;forward
PAM;24866;24868;3;forward
PAM;24865;24867;3;reverse
PAM;24853;24855;3;forward
PAM;24852;24854;3;reverse
PAM;24848;24850;3;forward
PAM;24830;24832;3;reverse
PAM;24826;24828;3;reverse
PAM;24821;24823;3;reverse
PAM;24769;24771;3;reverse
PAM;24757;24759;3;forward
PAM;24729;24731;3;reverse
PAM;24724;24726;3;reverse
PAM;24715;24717;3;forward
PAM;24714;24716;3;reverse
PAM;24698;24700;3;forward
PAM;24662;24664;3;forward
PAM;24659;24661;3;forward
PAM;24653;24655;3;reverse
PAM;24650;24652;3;reverse
PAM;24647;24649;3;reverse
PAM;24629;24631;3;forward
PAM;24628;24630;3;reverse
PAM;24622;24624;3;reverse
PAM;24599;24601;3;reverse
PAM;24572;24574;3;forward
PAM;24560;24562;3;reverse
PAM;24553;24555;3;forward
PAM;24535;24537;3;reverse
PAM;24532;24534;3;reverse
PAM;24528;24530;3;reverse
PAM;24508;24510;3;reverse
PAM;24499;24501;3;forward
PAM;24491;24493;3;forward
PAM;24490;24492;3;reverse
PAM;24475;24477;3;reverse
PAM;24468;24470;3;reverse
PAM;24461;24463;3;forward
PAM;24460;24462;3;reverse
PAM;24448;24450;3;forward
PAM;24437;24439;3;forward
PAM;24434;24436;3;reverse
PAM;24393;24395;3;reverse
PAM;24384;24386;3;reverse
PAM;24351;24353;3;reverse
PAM;24325;24327;3;forward
PAM;24324;24326;3;reverse
PAM;24304;24306;3;forward
PAM;24303;24305;3;reverse
PAM;24292;24294;3;forward
PAM;24284;24286;3;reverse
PAM;24278;24280;3;forward
PAM;24275;24277;3;reverse
PAM;24269;24271;3;forward
PAM;24257;24259;3;forward
PAM;24247;24249;3;forward
PAM;24238;24240;3;forward
PAM;24237;24239;3;reverse
PAM;24231;24233;3;reverse
PAM;24224;24226;3;forward
PAM;24221;24223;3;reverse
PAM;24211;24213;3;forward
PAM;24210;24212;3;reverse
PAM;24197;24199;3;reverse
PAM;24187;24189;3;reverse
PAM;24148;24150;3;forward
PAM;24128;24130;3;reverse
PAM;24119;24121;3;forward
PAM;24118;24120;3;reverse
PAM;24109;24111;3;forward
PAM;24106;24108;3;forward
PAM;24099;24101;3;reverse
PAM;24090;24092;3;reverse
PAM;24075;24077;3;forward
PAM;24072;24074;3;reverse
PAM;24046;24048;3;forward
PAM;24004;24006;3;reverse
PAM;23989;23991;3;forward
PAM;23986;23988;3;reverse
PAM;23981;23983;3;forward
PAM;23980;23982;3;reverse
PAM;23964;23966;3;reverse
PAM;23918;23920;3;forward
PAM;23917;23919;3;reverse
PAM;23909;23911;3;reverse
PAM;23906;23908;3;forward
PAM;23903;23905;3;forward
PAM;23888;23890;3;forward
PAM;23869;23871;3;reverse
PAM;23855;23857;3;forward
PAM;23854;23856;3;reverse
PAM;23830;23832;3;forward
PAM;23827;23829;3;forward
PAM;23816;23818;3;forward
PAM;23815;23817;3;reverse
PAM;23808;23810;3;reverse
PAM;23755;23757;3;forward
PAM;23743;23745;3;forward
PAM;23742;23744;3;reverse
PAM;23714;23716;3;forward
PAM;23708;23710;3;reverse
PAM;23682;23684;3;reverse
PAM;23678;23680;3;reverse
PAM;23653;23655;3;forward
PAM;23647;23649;3;forward
PAM;23646;23648;3;reverse
PAM;23630;23632;3;forward
PAM;23627;23629;3;forward
PAM;23598;23600;3;reverse
PAM;23542;23544;3;reverse
PAM;23539;23541;3;reverse
PAM;23524;23526;3;reverse
PAM;23511;23513;3;reverse
PAM;23506;23508;3;reverse
PAM;23480;23482;3;forward
PAM;23479;23481;3;reverse
PAM;23476;23478;3;forward
PAM;23475;23477;3;reverse
PAM;23453;23455;3;forward
PAM;23452;23454;3;reverse
PAM;23447;23449;3;forward
PAM;23440;23442;3;forward
PAM;23434;23436;3;forward
PAM;23433;23435;3;reverse
PAM;23426;23428;3;reverse
PAM;23404;23406;3;forward
PAM;23384;23386;3;reverse
PAM;23381;23383;3;forward
PAM;23380;23382;3;reverse
PAM;23369;23371;3;forward
PAM;23362;23364;3;forward
PAM;23361;23363;3;reverse
PAM;23351;23353;3;forward
PAM;23332;23334;3;forward
PAM;23331;23333;3;reverse
PAM;23327;23329;3;forward
PAM;23314;23316;3;forward
PAM;23311;23313;3;reverse
PAM;23293;23295;3;forward
PAM;23292;23294;3;reverse
PAM;23281;23283;3;forward
PAM;23270;23272;3;forward
PAM;23219;23221;3;forward
PAM;23204;23206;3;forward
PAM;23174;23176;3;forward
PAM;23168;23170;3;forward
PAM;23167;23169;3;reverse
PAM;23157;23159;3;reverse
PAM;23143;23145;3;reverse
PAM;23134;23136;3;forward
PAM;23105;23107;3;forward
PAM;23098;23100;3;forward
PAM;23081;23083;3;reverse
PAM;23077;23079;3;forward
PAM;23063;23065;3;forward
PAM;23054;23056;3;forward
PAM;23053;23055;3;reverse
PAM;23047;23049;3;forward
PAM;23046;23048;3;reverse
PAM;23039;23041;3;forward
PAM;23026;23028;3;forward
PAM;23025;23027;3;reverse
PAM;23022;23024;3;forward
PAM;23014;23016;3;forward
PAM;23011;23013;3;reverse
PAM;23006;23008;3;forward
PAM;23005;23007;3;reverse
PAM;22999;23001;3;reverse
PAM;22986;22988;3;reverse
PAM;22976;22978;3;reverse
PAM;22962;22964;3;forward
PAM;22961;22963;3;reverse
PAM;22956;22958;3;forward
PAM;22955;22957;3;reverse
PAM;22942;22944;3;forward
PAM;22941;22943;3;reverse
PAM;22932;22934;3;forward
PAM;22931;22933;3;reverse
PAM;22918;22920;3;forward
PAM;22917;22919;3;reverse
PAM;22898;22900;3;reverse
PAM;22881;22883;3;reverse
PAM;22865;22867;3;reverse
PAM;22861;22863;3;forward
PAM;22843;22845;3;reverse
PAM;22833;22835;3;forward
PAM;22819;22821;3;forward
PAM;22812;22814;3;forward
PAM;22740;22742;3;forward
PAM;22739;22741;3;reverse
PAM;22698;22700;3;forward
PAM;22697;22699;3;reverse
PAM;22681;22683;3;reverse
PAM;22675;22677;3;forward
PAM;22674;22676;3;reverse
PAM;22664;22666;3;reverse
PAM;22659;22661;3;forward
PAM;22658;22660;3;reverse
PAM;22642;22644;3;reverse
PAM;22636;22638;3;forward
PAM;22620;22622;3;forward
PAM;22612;22614;3;forward
PAM;22593;22595;3;forward
PAM;22592;22594;3;reverse
PAM;22575;22577;3;reverse
PAM;22568;22570;3;reverse
PAM;22563;22565;3;forward
PAM;22562;22564;3;reverse
PAM;22552;22554;3;forward
PAM;22545;22547;3;forward
PAM;22544;22546;3;reverse
PAM;22507;22509;3;forward
PAM;22498;22500;3;forward
PAM;22492;22494;3;forward
PAM;22467;22469;3;forward
PAM;22466;22468;3;reverse
PAM;22448;22450;3;reverse
PAM;22443;22445;3;reverse
PAM;22434;22436;3;forward
PAM;22433;22435;3;reverse
PAM;22429;22431;3;forward
PAM;22428;22430;3;reverse
PAM;22420;22422;3;forward
PAM;22415;22417;3;reverse
PAM;22411;22413;3;forward
PAM;22393;22395;3;forward
PAM;22361;22363;3;reverse
PAM;22349;22351;3;reverse
PAM;22329;22331;3;forward
PAM;22328;22330;3;reverse
PAM;22290;22292;3;reverse
PAM;22285;22287;3;reverse
PAM;22270;22272;3;forward
PAM;22267;22269;3;reverse
PAM;22246;22248;3;forward
PAM;22242;22244;3;forward
PAM;22234;22236;3;reverse
PAM;22227;22229;3;reverse
PAM;22222;22224;3;forward
PAM;22211;22213;3;forward
PAM;22210;22212;3;reverse
PAM;22202;22204;3;forward
PAM;22201;22203;3;reverse
PAM;22197;22199;3;reverse
PAM;22190;22192;3;reverse
PAM;22179;22181;3;forward
PAM;22178;22180;3;reverse
PAM;22170;22172;3;reverse
PAM;22167;22169;3;forward
PAM;22163;22165;3;forward
PAM;22155;22157;3;forward
PAM;22148;22150;3;forward
PAM;22122;22124;3;reverse
PAM;22119;22121;3;forward
PAM;22108;22110;3;reverse
PAM;22097;22099;3;reverse
PAM;22094;22096;3;reverse
PAM;22071;22073;3;reverse
PAM;22056;22058;3;forward
PAM;22045;22047;3;reverse
PAM;22026;22028;3;reverse
PAM;22019;22021;3;reverse
PAM;22014;22016;3;forward
PAM;22005;22007;3;reverse
PAM;21999;22001;3;forward
PAM;21998;22000;3;reverse
PAM;21986;21988;3;forward
PAM;21974;21976;3;reverse
PAM;21953;21955;3;forward
PAM;21952;21954;3;reverse
PAM;21944;21946;3;forward
PAM;21923;21925;3;forward
PAM;21917;21919;3;forward
PAM;21910;21912;3;reverse
PAM;21902;21904;3;forward
PAM;21897;21899;3;forward
PAM;21833;21835;3;reverse
PAM;21825;21827;3;reverse
PAM;21815;21817;3;forward
PAM;21814;21816;3;reverse
PAM;21811;21813;3;reverse
PAM;21753;21755;3;reverse
PAM;21722;21724;3;reverse
PAM;21717;21719;3;reverse
PAM;21711;21713;3;reverse
PAM;21701;21703;3;forward
PAM;21669;21671;3;reverse
PAM;21660;21662;3;forward
PAM;21640;21642;3;reverse
PAM;21623;21625;3;forward
PAM;21609;21611;3;reverse
PAM;21572;21574;3;reverse
PAM;21563;21565;3;reverse
PAM;21557;21559;3;reverse
PAM;21549;21551;3;forward
PAM;21546;21548;3;forward
PAM;21545;21547;3;reverse
PAM;21538;21540;3;reverse
PAM;21524;21526;3;forward
PAM;21518;21520;3;forward
PAM;21517;21519;3;reverse
PAM;21475;21477;3;reverse
PAM;21456;21458;3;forward
PAM;21440;21442;3;forward
PAM;21439;21441;3;reverse
PAM;21426;21428;3;forward
PAM;21421;21423;3;reverse
PAM;21414;21416;3;reverse
PAM;21398;21400;3;forward
PAM;21397;21399;3;reverse
PAM;21378;21380;3;forward
PAM;21377;21379;3;reverse
PAM;21371;21373;3;forward
PAM;21370;21372;3;reverse
PAM;21358;21360;3;reverse
PAM;21345;21347;3;forward
PAM;21335;21337;3;forward
PAM;21334;21336;3;reverse
PAM;21324;21326;3;forward
PAM;21323;21325;3;reverse
PAM;21287;21289;3;forward
PAM;21286;21288;3;reverse
PAM;21262;21264;3;reverse
PAM;21241;21243;3;reverse
PAM;21216;21218;3;forward
PAM;21185;21187;3;forward
PAM;21184;21186;3;reverse
PAM;21166;21168;3;reverse
PAM;21145;21147;3;reverse
PAM;21134;21136;3;forward
PAM;21119;21121;3;reverse
PAM;21113;21115;3;forward
PAM;21107;21109;3;forward
PAM;21102;21104;3;forward
PAM;21101;21103;3;reverse
PAM;21093;21095;3;forward
PAM;21077;21079;3;reverse
PAM;21068;21070;3;forward
PAM;21041;21043;3;forward
PAM;21036;21038;3;forward
PAM;21031;21033;3;forward
PAM;21024;21026;3;reverse
PAM;21021;21023;3;reverse
PAM;20998;21000;3;reverse
PAM;20994;20996;3;forward
PAM;20993;20995;3;reverse
PAM;20987;20989;3;reverse
PAM;20980;20982;3;forward
PAM;20946;20948;3;reverse
PAM;20942;20944;3;reverse
PAM;20938;20940;3;forward
PAM;20937;20939;3;reverse
PAM;20895;20897;3;forward
PAM;20894;20896;3;reverse
PAM;20891;20893;3;reverse
PAM;20883;20885;3;forward
PAM;20882;20884;3;reverse
PAM;20873;20875;3;reverse
PAM;20862;20864;3;forward
PAM;20850;20852;3;forward
PAM;20843;20845;3;reverse
PAM;20814;20816;3;forward
PAM;20813;20815;3;reverse
PAM;20794;20796;3;forward
PAM;20779;20781;3;forward
PAM;20740;20742;3;reverse
PAM;20721;20723;3;forward
PAM;20718;20720;3;forward
PAM;20717;20719;3;reverse
PAM;20669;20671;3;reverse
PAM;20665;20667;3;reverse
PAM;20653;20655;3;reverse
PAM;20639;20641;3;reverse
PAM;20585;20587;3;reverse
PAM;20581;20583;3;forward
PAM;20580;20582;3;reverse
PAM;20568;20570;3;forward
PAM;20560;20562;3;forward
PAM;20556;20558;3;forward
PAM;20553;20555;3;reverse
PAM;20546;20548;3;forward
PAM;20530;20532;3;forward
PAM;20501;20503;3;reverse
PAM;20479;20481;3;forward
PAM;20443;20445;3;forward
PAM;20430;20432;3;forward
PAM;20424;20426;3;forward
PAM;20412;20414;3;forward
PAM;20389;20391;3;forward
PAM;20380;20382;3;forward
PAM;20363;20365;3;reverse
PAM;20316;20318;3;forward
PAM;20315;20317;3;reverse
PAM;20307;20309;3;forward
PAM;20306;20308;3;reverse
PAM;20285;20287;3;reverse
PAM;20267;20269;3;reverse
PAM;20258;20260;3;reverse
PAM;20250;20252;3;forward
PAM;20249;20251;3;reverse
PAM;20237;20239;3;reverse
PAM;20232;20234;3;reverse
PAM;20214;20216;3;forward
PAM;20213;20215;3;reverse
PAM;20188;20190;3;forward
PAM;20187;20189;3;reverse
PAM;20175;20177;3;forward
PAM;20155;20157;3;reverse
PAM;20146;20148;3;forward
PAM;20145;20147;3;reverse
PAM;20133;20135;3;reverse
PAM;20114;20116;3;reverse
PAM;20103;20105;3;forward
PAM;20102;20104;3;reverse
PAM;20077;20079;3;forward
PAM;20073;20075;3;reverse
PAM;20070;20072;3;forward
PAM;20058;20060;3;forward
PAM;20057;20059;3;reverse
PAM;20049;20051;3;forward
PAM;20048;20050;3;reverse
PAM;20031;20033;3;forward
PAM;20025;20027;3;forward
PAM;20024;20026;3;reverse
PAM;20010;20012;3;forward
PAM;20009;20011;3;reverse
PAM;19993;19995;3;forward
PAM;19992;19994;3;reverse
PAM;19971;19973;3;reverse
PAM;19963;19965;3;forward
PAM;19962;19964;3;reverse
PAM;19943;19945;3;reverse
PAM;19928;19930;3;reverse
PAM;19924;19926;3;reverse
PAM;19908;19910;3;forward
PAM;19907;19909;3;reverse
PAM;19894;19896;3;forward
PAM;19869;19871;3;forward
PAM;19866;19868;3;reverse
PAM;19857;19859;3;forward
PAM;19852;19854;3;forward
PAM;19845;19847;3;forward
PAM;19840;19842;3;forward
PAM;19836;19838;3;forward
PAM;19835;19837;3;reverse
PAM;19809;19811;3;reverse
PAM;19780;19782;3;forward
PAM;19765;19767;3;forward
PAM;19750;19752;3;forward
PAM;19741;19743;3;forward
PAM;19725;19727;3;reverse
PAM;19699;19701;3;forward
PAM;19663;19665;3;reverse
PAM;19636;19638;3;forward
PAM;19635;19637;3;reverse
PAM;19611;19613;3;forward
PAM;19610;19612;3;reverse
PAM;19575;19577;3;forward
PAM;19574;19576;3;reverse
PAM;19570;19572;3;forward
PAM;19537;19539;3;forward
PAM;19517;19519;3;reverse
PAM;19513;19515;3;forward
PAM;19459;19461;3;forward
PAM;19448;19450;3;reverse
PAM;19438;19440;3;forward
PAM;19407;19409;3;forward
PAM;19406;19408;3;reverse
PAM;19391;19393;3;reverse
PAM;19317;19319;3;reverse
PAM;19308;19310;3;forward
PAM;19300;19302;3;forward
PAM;19282;19284;3;forward
PAM;19270;19272;3;forward
PAM;19269;19271;3;reverse
PAM;19213;19215;3;forward
PAM;19212;19214;3;reverse
PAM;19200;19202;3;forward
PAM;19199;19201;3;reverse
PAM;19129;19131;3;forward
PAM;19116;19118;3;reverse
PAM;19106;19108;3;reverse
PAM;19055;19057;3;reverse
PAM;19016;19018;3;reverse
PAM;18978;18980;3;forward
PAM;18977;18979;3;reverse
PAM;18964;18966;3;forward
PAM;18946;18948;3;forward
PAM;18934;18936;3;forward
PAM;18933;18935;3;reverse
PAM;18921;18923;3;forward
PAM;18871;18873;3;forward
PAM;18859;18861;3;forward
PAM;18856;18858;3;forward
PAM;18850;18852;3;forward
PAM;18844;18846;3;forward
PAM;18843;18845;3;reverse
PAM;18814;18816;3;forward
PAM;18810;18812;3;reverse
PAM;18801;18803;3;reverse
PAM;18768;18770;3;reverse
PAM;18750;18752;3;reverse
PAM;18732;18734;3;reverse
PAM;18716;18718;3;forward
PAM;18713;18715;3;forward
PAM;18712;18714;3;reverse
PAM;18705;18707;3;forward
PAM;18702;18704;3;forward
PAM;18701;18703;3;reverse
PAM;18686;18688;3;forward
PAM;18685;18687;3;reverse
PAM;18646;18648;3;forward
PAM;18645;18647;3;reverse
PAM;18642;18644;3;forward
PAM;18639;18641;3;forward
PAM;18638;18640;3;reverse
PAM;18599;18601;3;forward
PAM;18590;18592;3;reverse
PAM;18577;18579;3;forward
PAM;18570;18572;3;reverse
PAM;18547;18549;3;forward
PAM;18546;18548;3;reverse
PAM;18517;18519;3;forward
PAM;18505;18507;3;forward
PAM;18497;18499;3;forward
PAM;18469;18471;3;forward
PAM;18464;18466;3;reverse
PAM;18451;18453;3;reverse
PAM;18432;18434;3;reverse
PAM;18423;18425;3;forward
PAM;18399;18401;3;reverse
PAM;18391;18393;3;reverse
PAM;18383;18385;3;reverse
PAM;18371;18373;3;reverse
PAM;18364;18366;3;reverse
PAM;18357;18359;3;reverse
PAM;18338;18340;3;forward
PAM;18337;18339;3;reverse
PAM;18296;18298;3;forward
PAM;18285;18287;3;forward
PAM;18284;18286;3;reverse
PAM;18278;18280;3;forward
PAM;18246;18248;3;forward
PAM;18245;18247;3;reverse
PAM;18235;18237;3;reverse
PAM;18228;18230;3;forward
PAM;18225;18227;3;reverse
PAM;18214;18216;3;reverse
PAM;18207;18209;3;forward
PAM;18204;18206;3;forward
PAM;18194;18196;3;forward
PAM;18193;18195;3;reverse
PAM;18189;18191;3;forward
PAM;18179;18181;3;forward
PAM;18178;18180;3;reverse
PAM;18169;18171;3;reverse
PAM;18115;18117;3;reverse
PAM;18111;18113;3;reverse
PAM;18104;18106;3;forward
PAM;18103;18105;3;reverse
PAM;18096;18098;3;forward
PAM;18095;18097;3;reverse
PAM;18078;18080;3;forward
PAM;18077;18079;3;reverse
PAM;18037;18039;3;forward
PAM;18018;18020;3;reverse
PAM;18004;18006;3;forward
PAM;18003;18005;3;reverse
PAM;18000;18002;3;forward
PAM;17997;17999;3;forward
PAM;17994;17996;3;reverse
PAM;17981;17983;3;forward
PAM;17963;17965;3;forward
PAM;17962;17964;3;reverse
PAM;17928;17930;3;reverse
PAM;17913;17915;3;reverse
PAM;17906;17908;3;forward
PAM;17884;17886;3;forward
PAM;17875;17877;3;reverse
PAM;17841;17843;3;reverse
PAM;17837;17839;3;forward
PAM;17833;17835;3;forward
PAM;17832;17834;3;reverse
PAM;17807;17809;3;forward
PAM;17806;17808;3;reverse
PAM;17731;17733;3;reverse
PAM;17723;17725;3;forward
PAM;17711;17713;3;forward
PAM;17710;17712;3;reverse
PAM;17683;17685;3;reverse
PAM;17666;17668;3;forward
PAM;17653;17655;3;reverse
PAM;17643;17645;3;reverse
PAM;17583;17585;3;forward
PAM;17580;17582;3;reverse
PAM;17577;17579;3;forward
PAM;17573;17575;3;forward
PAM;17572;17574;3;reverse
PAM;17566;17568;3;forward
PAM;17565;17567;3;reverse
PAM;17514;17516;3;forward
PAM;17508;17510;3;forward
PAM;17507;17509;3;reverse
PAM;17502;17504;3;forward
PAM;17481;17483;3;forward
PAM;17454;17456;3;forward
PAM;17448;17450;3;forward
PAM;17444;17446;3;reverse
PAM;17429;17431;3;forward
PAM;17410;17412;3;reverse
PAM;17397;17399;3;reverse
PAM;17389;17391;3;reverse
PAM;17364;17366;3;forward
PAM;17363;17365;3;reverse
PAM;17360;17362;3;reverse
PAM;17342;17344;3;reverse
PAM;17334;17336;3;forward
PAM;17327;17329;3;reverse
PAM;17316;17318;3;forward
PAM;17303;17305;3;reverse
PAM;17293;17295;3;reverse
PAM;17290;17292;3;reverse
PAM;17260;17262;3;reverse
PAM;17250;17252;3;forward
PAM;17230;17232;3;reverse
PAM;17205;17207;3;reverse
PAM;17198;17200;3;reverse
PAM;17194;17196;3;reverse
PAM;17178;17180;3;reverse
PAM;17164;17166;3;reverse
PAM;17161;17163;3;reverse
PAM;17138;17140;3;forward
PAM;17121;17123;3;forward
PAM;17118;17120;3;forward
PAM;17088;17090;3;forward
PAM;17064;17066;3;reverse
PAM;17055;17057;3;forward
PAM;17051;17053;3;forward
PAM;17011;17013;3;reverse
PAM;16983;16985;3;reverse
PAM;16979;16981;3;reverse
PAM;16971;16973;3;forward
PAM;16949;16951;3;reverse
PAM;16944;16946;3;forward
PAM;16940;16942;3;reverse
PAM;16932;16934;3;forward
PAM;16931;16933;3;reverse
PAM;16910;16912;3;reverse
PAM;16907;16909;3;forward
PAM;16906;16908;3;reverse
PAM;16900;16902;3;reverse
PAM;16890;16892;3;forward
PAM;16884;16886;3;forward
PAM;16875;16877;3;forward
PAM;16859;16861;3;reverse
PAM;16851;16853;3;forward
PAM;16850;16852;3;reverse
PAM;16844;16846;3;forward
PAM;16843;16845;3;reverse
PAM;16797;16799;3;forward
PAM;16796;16798;3;reverse
PAM;16777;16779;3;reverse
PAM;16773;16775;3;forward
PAM;16761;16763;3;reverse
PAM;16755;16757;3;forward
PAM;16754;16756;3;reverse
PAM;16731;16733;3;forward
PAM;16724;16726;3;forward
PAM;16723;16725;3;reverse
PAM;16662;16664;3;reverse
PAM;16641;16643;3;forward
PAM;16628;16630;3;reverse
PAM;16619;16621;3;forward
PAM;16618;16620;3;reverse
PAM;16586;16588;3;reverse
PAM;16577;16579;3;forward
PAM;16567;16569;3;reverse
PAM;16537;16539;3;reverse
PAM;16527;16529;3;forward
PAM;16526;16528;3;reverse
PAM;16515;16517;3;forward
PAM;16514;16516;3;reverse
PAM;16499;16501;3;forward
PAM;16478;16480;3;reverse
PAM;16475;16477;3;reverse
PAM;16467;16469;3;reverse
PAM;16461;16463;3;reverse
PAM;16443;16445;3;forward
PAM;16431;16433;3;forward
PAM;16430;16432;3;reverse
PAM;16424;16426;3;forward
PAM;16419;16421;3;reverse
PAM;16388;16390;3;reverse
PAM;16346;16348;3;reverse
PAM;16299;16301;3;forward
PAM;16298;16300;3;reverse
PAM;16289;16291;3;forward
PAM;16288;16290;3;reverse
PAM;16277;16279;3;forward
PAM;16246;16248;3;reverse
PAM;16230;16232;3;forward
PAM;16220;16222;3;forward
PAM;16205;16207;3;forward
PAM;16199;16201;3;forward
PAM;16198;16200;3;reverse
PAM;16185;16187;3;forward
PAM;16144;16146;3;reverse
PAM;16128;16130;3;forward
PAM;16103;16105;3;forward
PAM;16075;16077;3;reverse
PAM;16040;16042;3;forward
PAM;16039;16041;3;reverse
PAM;16033;16035;3;forward
PAM;16032;16034;3;reverse
PAM;16026;16028;3;forward
PAM;16025;16027;3;reverse
PAM;16021;16023;3;forward
PAM;16018;16020;3;reverse
PAM;16003;16005;3;forward
PAM;15994;15996;3;forward
PAM;15993;15995;3;reverse
PAM;15988;15990;3;forward
PAM;15978;15980;3;forward
PAM;15930;15932;3;reverse
PAM;15925;15927;3;forward
PAM;15924;15926;3;reverse
PAM;15874;15876;3;forward
PAM;15862;15864;3;forward
PAM;15861;15863;3;reverse
PAM;15851;15853;3;reverse
PAM;15847;15849;3;reverse
PAM;15820;15822;3;forward
PAM;15816;15818;3;forward
PAM;15810;15812;3;forward
PAM;15809;15811;3;reverse
PAM;15796;15798;3;forward
PAM;15786;15788;3;forward
PAM;15785;15787;3;reverse
PAM;15774;15776;3;reverse
PAM;15752;15754;3;reverse
PAM;15748;15750;3;forward
PAM;15747;15749;3;reverse
PAM;15721;15723;3;forward
PAM;15718;15720;3;reverse
PAM;15694;15696;3;reverse
PAM;15682;15684;3;forward
PAM;15681;15683;3;reverse
PAM;15657;15659;3;reverse
PAM;15649;15651;3;forward
PAM;15637;15639;3;reverse
PAM;15634;15636;3;forward
PAM;15633;15635;3;reverse
PAM;15624;15626;3;forward
PAM;15623;15625;3;reverse
PAM;15613;15615;3;forward
PAM;15612;15614;3;reverse
PAM;15592;15594;3;forward
PAM;15569;15571;3;reverse
PAM;15532;15534;3;forward
PAM;15512;15514;3;reverse
PAM;15483;15485;3;reverse
PAM;15447;15449;3;reverse
PAM;15444;15446;3;forward
PAM;15443;15445;3;reverse
PAM;15428;15430;3;reverse
PAM;15421;15423;3;forward
PAM;15420;15422;3;reverse
PAM;15412;15414;3;reverse
PAM;15399;15401;3;reverse
PAM;15383;15385;3;reverse
PAM;15373;15375;3;reverse
PAM;15365;15367;3;reverse
PAM;15316;15318;3;forward
PAM;15315;15317;3;reverse
PAM;15310;15312;3;forward
PAM;15275;15277;3;forward
PAM;15247;15249;3;forward
PAM;15233;15235;3;forward
PAM;15226;15228;3;forward
PAM;15219;15221;3;reverse
PAM;15199;15201;3;forward
PAM;15198;15200;3;reverse
PAM;15188;15190;3;forward
PAM;15172;15174;3;forward
PAM;15139;15141;3;forward
PAM;15138;15140;3;reverse
PAM;15133;15135;3;reverse
PAM;15106;15108;3;reverse
PAM;15078;15080;3;reverse
PAM;15072;15074;3;reverse
PAM;15069;15071;3;reverse
PAM;15055;15057;3;reverse
PAM;15050;15052;3;reverse
PAM;15040;15042;3;forward
PAM;15033;15035;3;forward
PAM;15032;15034;3;reverse
PAM;15014;15016;3;forward
PAM;15005;15007;3;forward
PAM;14991;14993;3;forward
PAM;14990;14992;3;reverse
PAM;14973;14975;3;forward
PAM;14916;14918;3;forward
PAM;14915;14917;3;reverse
PAM;14902;14904;3;reverse
PAM;14896;14898;3;reverse
PAM;14876;14878;3;forward
PAM;14870;14872;3;reverse
PAM;14854;14856;3;reverse
PAM;14848;14850;3;forward
PAM;14811;14813;3;forward
PAM;14810;14812;3;reverse
PAM;14804;14806;3;reverse
PAM;14762;14764;3;reverse
PAM;14709;14711;3;forward
PAM;14708;14710;3;reverse
PAM;14700;14702;3;forward
PAM;14699;14701;3;reverse
PAM;14690;14692;3;reverse
PAM;14671;14673;3;forward
PAM;14638;14640;3;forward
PAM;14635;14637;3;forward
PAM;14627;14629;3;reverse
PAM;14623;14625;3;reverse
PAM;14581;14583;3;reverse
PAM;14569;14571;3;forward
PAM;14568;14570;3;reverse
PAM;14533;14535;3;reverse
PAM;14520;14522;3;reverse
PAM;14511;14513;3;reverse
PAM;14490;14492;3;reverse
PAM;14472;14474;3;forward
PAM;14457;14459;3;forward
PAM;14456;14458;3;reverse
PAM;14436;14438;3;forward
PAM;14435;14437;3;reverse
PAM;14427;14429;3;forward
PAM;14426;14428;3;reverse
PAM;14409;14411;3;reverse
PAM;14406;14408;3;forward
PAM;14405;14407;3;reverse
PAM;14400;14402;3;forward
PAM;14366;14368;3;reverse
PAM;14357;14359;3;reverse
PAM;14337;14339;3;forward
PAM;14336;14338;3;reverse
PAM;14305;14307;3;reverse
PAM;14257;14259;3;reverse
PAM;14248;14250;3;forward
PAM;14238;14240;3;forward
PAM;14229;14231;3;reverse
PAM;14213;14215;3;reverse
PAM;14194;14196;3;forward
PAM;14161;14163;3;forward
PAM;14148;14150;3;forward
PAM;14147;14149;3;reverse
PAM;14132;14134;3;reverse
PAM;14122;14124;3;forward
PAM;14121;14123;3;reverse
PAM;14116;14118;3;forward
PAM;14110;14112;3;forward
PAM;14103;14105;3;reverse
PAM;14077;14079;3;reverse
PAM;14044;14046;3;forward
PAM;14043;14045;3;reverse
PAM;14023;14025;3;forward
PAM;14013;14015;3;forward
PAM;14012;14014;3;reverse
PAM;13999;14001;3;forward
PAM;13990;13992;3;forward
PAM;13980;13982;3;reverse
PAM;13956;13958;3;forward
PAM;13955;13957;3;reverse
PAM;13919;13921;3;reverse
PAM;13872;13874;3;reverse
PAM;13830;13832;3;forward
PAM;13811;13813;3;reverse
PAM;13808;13810;3;reverse
PAM;13803;13805;3;reverse
PAM;13791;13793;3;forward
PAM;13790;13792;3;reverse
PAM;13787;13789;3;forward
PAM;13778;13780;3;forward
PAM;13765;13767;3;forward
PAM;13757;13759;3;forward
PAM;13756;13758;3;reverse
PAM;13743;13745;3;reverse
PAM;13735;13737;3;forward
PAM;13734;13736;3;reverse
PAM;13723;13725;3;forward
PAM;13722;13724;3;reverse
PAM;13689;13691;3;reverse
PAM;13684;13686;3;reverse
PAM;13671;13673;3;reverse
PAM;13662;13664;3;reverse
PAM;13658;13660;3;forward
PAM;13657;13659;3;reverse
PAM;13631;13633;3;reverse
PAM;13628;13630;3;forward
PAM;13606;13608;3;forward
PAM;13602;13604;3;reverse
PAM;13585;13587;3;forward
PAM;13584;13586;3;reverse
PAM;13579;13581;3;forward
PAM;13578;13580;3;reverse
PAM;13567;13569;3;reverse
PAM;13562;13564;3;forward
PAM;13557;13559;3;reverse
PAM;13497;13499;3;reverse
PAM;13484;13486;3;forward
PAM;13483;13485;3;reverse
PAM;13472;13474;3;forward
PAM;13460;13462;3;forward
PAM;13454;13456;3;forward
PAM;13453;13455;3;reverse
PAM;13436;13438;3;reverse
PAM;13430;13432;3;forward
PAM;13400;13402;3;reverse
PAM;13382;13384;3;forward
PAM;13355;13357;3;forward
PAM;13354;13356;3;reverse
PAM;13332;13334;3;forward
PAM;13329;13331;3;reverse
PAM;13326;13328;3;forward
PAM;13323;13325;3;forward
PAM;13318;13320;3;forward
PAM;13317;13319;3;reverse
PAM;13312;13314;3;forward
PAM;13311;13313;3;reverse
PAM;13231;13233;3;reverse
PAM;13220;13222;3;forward
PAM;13194;13196;3;reverse
PAM;13171;13173;3;forward
PAM;13165;13167;3;forward
PAM;13164;13166;3;reverse
PAM;13160;13162;3;forward
PAM;13115;13117;3;forward
PAM;13111;13113;3;reverse
PAM;13101;13103;3;reverse
PAM;13069;13071;3;forward
PAM;13059;13061;3;reverse
PAM;13048;13050;3;forward
PAM;13022;13024;3;reverse
PAM;13000;13002;3;forward
PAM;12999;13001;3;reverse
PAM;12971;12973;3;forward
PAM;12970;12972;3;reverse
PAM;12967;12969;3;forward
PAM;12966;12968;3;reverse
PAM;12956;12958;3;forward
PAM;12953;12955;3;forward
PAM;12946;12948;3;reverse
PAM;12938;12940;3;reverse
PAM;12922;12924;3;forward
PAM;12921;12923;3;reverse
PAM;12877;12879;3;reverse
PAM;12857;12859;3;forward
PAM;12848;12850;3;forward
PAM;12817;12819;3;forward
PAM;12816;12818;3;reverse
PAM;12803;12805;3;forward
PAM;12792;12794;3;reverse
PAM;12784;12786;3;reverse
PAM;12772;12774;3;forward
PAM;12762;12764;3;reverse
PAM;12751;12753;3;forward
PAM;12745;12747;3;forward
PAM;12744;12746;3;reverse
PAM;12737;12739;3;reverse
PAM;12734;12736;3;forward
PAM;12728;12730;3;forward
PAM;12724;12726;3;forward
PAM;12723;12725;3;reverse
PAM;12704;12706;3;forward
PAM;12677;12679;3;reverse
PAM;12673;12675;3;reverse
PAM;12592;12594;3;reverse
PAM;12581;12583;3;forward
PAM;12539;12541;3;reverse
PAM;12523;12525;3;forward
PAM;12504;12506;3;reverse
PAM;12497;12499;3;reverse
PAM;12469;12471;3;forward
PAM;12453;12455;3;reverse
PAM;12448;12450;3;reverse
PAM;12414;12416;3;reverse
PAM;12398;12400;3;forward
PAM;12397;12399;3;reverse
PAM;12373;12375;3;forward
PAM;12357;12359;3;reverse
PAM;12350;12352;3;forward
PAM;12341;12343;3;reverse
PAM;12316;12318;3;reverse
PAM;12304;12306;3;forward
PAM;12303;12305;3;reverse
PAM;12298;12300;3;forward
PAM;12295;12297;3;reverse
PAM;12275;12277;3;forward
PAM;12262;12264;3;forward
PAM;12261;12263;3;reverse
PAM;12251;12253;3;reverse
PAM;12244;12246;3;reverse
PAM;12227;12229;3;forward
PAM;12221;12223;3;forward
PAM;12220;12222;3;reverse
PAM;12197;12199;3;forward
PAM;12174;12176;3;reverse
PAM;12152;12154;3;forward
PAM;12136;12138;3;forward
PAM;12135;12137;3;reverse
PAM;12131;12133;3;reverse
PAM;12126;12128;3;reverse
PAM;12097;12099;3;forward
PAM;12096;12098;3;reverse
PAM;12070;12072;3;reverse
PAM;12061;12063;3;reverse
PAM;12058;12060;3;forward
PAM;12051;12053;3;forward
PAM;12042;12044;3;forward
PAM;12024;12026;3;forward
PAM;12005;12007;3;reverse
PAM;11994;11996;3;forward
PAM;11993;11995;3;reverse
PAM;11965;11967;3;forward
PAM;11956;11958;3;forward
PAM;11952;11954;3;forward
PAM;11949;11951;3;forward
PAM;11940;11942;3;reverse
PAM;11929;11931;3;forward
PAM;11928;11930;3;reverse
PAM;11917;11919;3;reverse
PAM;11888;11890;3;reverse
PAM;11880;11882;3;forward
PAM;11879;11881;3;reverse
PAM;11868;11870;3;reverse
PAM;11863;11865;3;reverse
PAM;11852;11854;3;forward
PAM;11851;11853;3;reverse
PAM;11848;11850;3;forward
PAM;11847;11849;3;reverse
PAM;11830;11832;3;forward
PAM;11827;11829;3;forward
PAM;11824;11826;3;forward
PAM;11800;11802;3;forward
PAM;11795;11797;3;reverse
PAM;11785;11787;3;reverse
PAM;11780;11782;3;reverse
PAM;11776;11778;3;reverse
PAM;11773;11775;3;forward
PAM;11772;11774;3;reverse
PAM;11764;11766;3;reverse
PAM;11755;11757;3;forward
PAM;11751;11753;3;reverse
PAM;11746;11748;3;reverse
PAM;11722;11724;3;forward
PAM;11721;11723;3;reverse
PAM;11707;11709;3;reverse
PAM;11693;11695;3;forward
PAM;11675;11677;3;forward
PAM;11651;11653;3;forward
PAM;11621;11623;3;reverse
PAM;11611;11613;3;forward
PAM;11575;11577;3;reverse
PAM;11547;11549;3;reverse
PAM;11541;11543;3;reverse
PAM;11537;11539;3;forward
PAM;11528;11530;3;forward
PAM;11525;11527;3;reverse
PAM;11516;11518;3;forward
PAM;11489;11491;3;forward
PAM;11488;11490;3;reverse
PAM;11449;11451;3;reverse
PAM;11440;11442;3;reverse
PAM;11436;11438;3;reverse
PAM;11433;11435;3;reverse
PAM;11424;11426;3;reverse
PAM;11410;11412;3;reverse
PAM;11373;11375;3;reverse
PAM;11368;11370;3;forward
PAM;11365;11367;3;reverse
PAM;11356;11358;3;reverse
PAM;11343;11345;3;forward
PAM;11342;11344;3;reverse
PAM;11322;11324;3;reverse
PAM;11314;11316;3;forward
PAM;11295;11297;3;forward
PAM;11282;11284;3;reverse
PAM;11274;11276;3;forward
PAM;11273;11275;3;reverse
PAM;11268;11270;3;forward
PAM;11240;11242;3;reverse
PAM;11226;11228;3;forward
PAM;11198;11200;3;reverse
PAM;11194;11196;3;reverse
PAM;11169;11171;3;forward
PAM;11168;11170;3;reverse
PAM;11164;11166;3;reverse
PAM;11142;11144;3;reverse
PAM;11128;11130;3;forward
PAM;11124;11126;3;forward
PAM;11106;11108;3;forward
PAM;11103;11105;3;forward
PAM;11094;11096;3;reverse
PAM;11061;11063;3;reverse
PAM;11034;11036;3;reverse
PAM;11028;11030;3;forward
PAM;11010;11012;3;reverse
PAM;11007;11009;3;reverse
PAM;11004;11006;3;forward
PAM;10990;10992;3;forward
PAM;10973;10975;3;forward
PAM;10972;10974;3;reverse
PAM;10955;10957;3;reverse
PAM;10943;10945;3;forward
PAM;10927;10929;3;reverse
PAM;10907;10909;3;reverse
PAM;10889;10891;3;forward
PAM;10888;10890;3;reverse
PAM;10882;10884;3;reverse
PAM;10868;10870;3;forward
PAM;10867;10869;3;reverse
PAM;10855;10857;3;forward
PAM;10854;10856;3;reverse
PAM;10819;10821;3;reverse
PAM;10810;10812;3;forward
PAM;10806;10808;3;reverse
PAM;10793;10795;3;forward
PAM;10787;10789;3;forward
PAM;10786;10788;3;reverse
PAM;10769;10771;3;forward
PAM;10768;10770;3;reverse
PAM;10765;10767;3;forward
PAM;10764;10766;3;reverse
PAM;10753;10755;3;forward
PAM;10752;10754;3;reverse
PAM;10747;10749;3;forward
PAM;10729;10731;3;forward
PAM;10728;10730;3;reverse
PAM;10725;10727;3;reverse
PAM;10691;10693;3;forward
PAM;10690;10692;3;reverse
PAM;10687;10689;3;forward
PAM;10660;10662;3;reverse
PAM;10657;10659;3;forward
PAM;10626;10628;3;reverse
PAM;10614;10616;3;forward
PAM;10609;10611;3;reverse
PAM;10604;10606;3;forward
PAM;10601;10603;3;reverse
PAM;10587;10589;3;reverse
PAM;10522;10524;3;reverse
PAM;10501;10503;3;reverse
PAM;10442;10444;3;reverse
PAM;10420;10422;3;reverse
PAM;10408;10410;3;reverse
PAM;10399;10401;3;reverse
PAM;10383;10385;3;reverse
PAM;10376;10378;3;forward
PAM;10375;10377;3;reverse
PAM;10372;10374;3;reverse
PAM;10354;10356;3;reverse
PAM;10336;10338;3;reverse
PAM;10332;10334;3;forward
PAM;10317;10319;3;forward
PAM;10313;10315;3;reverse
PAM;10275;10277;3;reverse
PAM;10265;10267;3;reverse
PAM;10251;10253;3;reverse
PAM;10236;10238;3;forward
PAM;10230;10232;3;forward
PAM;10217;10219;3;forward
PAM;10214;10216;3;forward
PAM;10199;10201;3;forward
PAM;10198;10200;3;reverse
PAM;10188;10190;3;forward
PAM;10177;10179;3;reverse
PAM;10174;10176;3;forward
PAM;10173;10175;3;reverse
PAM;10165;10167;3;reverse
PAM;10141;10143;3;forward
PAM;10140;10142;3;reverse
PAM;10131;10133;3;reverse
PAM;10124;10126;3;reverse
PAM;10109;10111;3;forward
PAM;10106;10108;3;reverse
PAM;10102;10104;3;forward
PAM;10101;10103;3;reverse
PAM;10066;10068;3;reverse
PAM;10057;10059;3;reverse
PAM;10043;10045;3;reverse
PAM;10028;10030;3;forward
PAM;10024;10026;3;forward
PAM;10021;10023;3;reverse
PAM;10018;10020;3;forward
PAM;10001;10003;3;reverse
PAM;9979;9981;3;reverse
PAM;9967;9969;3;forward
PAM;9952;9954;3;forward
PAM;9924;9926;3;reverse
PAM;9919;9921;3;forward
PAM;9894;9896;3;reverse
PAM;9889;9891;3;reverse
PAM;9883;9885;3;forward
PAM;9880;9882;3;forward
PAM;9871;9873;3;forward
PAM;9868;9870;3;reverse
PAM;9856;9858;3;forward
PAM;9847;9849;3;reverse
PAM;9837;9839;3;forward
PAM;9836;9838;3;reverse
PAM;9825;9827;3;forward
PAM;9824;9826;3;reverse
PAM;9810;9812;3;forward
PAM;9809;9811;3;reverse
PAM;9804;9806;3;forward
PAM;9792;9794;3;forward
PAM;9791;9793;3;reverse
PAM;9783;9785;3;reverse
PAM;9772;9774;3;forward
PAM;9771;9773;3;reverse
PAM;9752;9754;3;reverse
PAM;9745;9747;3;forward
PAM;9744;9746;3;reverse
PAM;9738;9740;3;reverse
PAM;9725;9727;3;reverse
PAM;9703;9705;3;forward
PAM;9693;9695;3;reverse
PAM;9675;9677;3;forward
PAM;9674;9676;3;reverse
PAM;9654;9656;3;forward
PAM;9650;9652;3;reverse
PAM;9646;9648;3;reverse
PAM;9643;9645;3;reverse
PAM;9629;9631;3;reverse
PAM;9606;9608;3;reverse
PAM;9597;9599;3;forward
PAM;9596;9598;3;reverse
PAM;9585;9587;3;forward
PAM;9582;9584;3;forward
PAM;9581;9583;3;reverse
PAM;9562;9564;3;forward
PAM;9543;9545;3;forward
PAM;9503;9505;3;reverse
PAM;9478;9480;3;reverse
PAM;9467;9469;3;reverse
PAM;9461;9463;3;forward
PAM;9447;9449;3;forward
PAM;9444;9446;3;forward
PAM;9436;9438;3;reverse
PAM;9427;9429;3;reverse
PAM;9401;9403;3;reverse
PAM;9391;9393;3;reverse
PAM;9380;9382;3;reverse
PAM;9363;9365;3;forward
PAM;9362;9364;3;reverse
PAM;9354;9356;3;reverse
PAM;9348;9350;3;reverse
PAM;9341;9343;3;reverse
PAM;9336;9338;3;forward
PAM;9335;9337;3;reverse
PAM;9330;9332;3;forward
PAM;9329;9331;3;reverse
PAM;9320;9322;3;forward
PAM;9312;9314;3;reverse
PAM;9286;9288;3;forward
PAM;9280;9282;3;reverse
PAM;9242;9244;3;forward
PAM;9237;9239;3;reverse
PAM;9224;9226;3;forward
PAM;9223;9225;3;reverse
PAM;9216;9218;3;reverse
PAM;9194;9196;3;reverse
PAM;9172;9174;3;forward
PAM;9164;9166;3;forward
PAM;9155;9157;3;reverse
PAM;9146;9148;3;reverse
PAM;9127;9129;3;forward
PAM;9121;9123;3;forward
PAM;9083;9085;3;forward
PAM;9072;9074;3;forward
PAM;9046;9048;3;forward
PAM;9040;9042;3;forward
PAM;9037;9039;3;forward
PAM;9034;9036;3;forward
PAM;8980;8982;3;reverse
PAM;8977;8979;3;forward
PAM;8925;8927;3;forward
PAM;8924;8926;3;reverse
PAM;8918;8920;3;reverse
PAM;8912;8914;3;reverse
PAM;8893;8895;3;forward
PAM;8892;8894;3;reverse
PAM;8883;8885;3;forward
PAM;8857;8859;3;forward
PAM;8850;8852;3;reverse
PAM;8839;8841;3;forward
PAM;8833;8835;3;reverse
PAM;8823;8825;3;reverse
PAM;8817;8819;3;reverse
PAM;8792;8794;3;reverse
PAM;8788;8790;3;reverse
PAM;8782;8784;3;forward
PAM;8763;8765;3;forward
PAM;8762;8764;3;reverse
PAM;8741;8743;3;reverse
PAM;8734;8736;3;reverse
PAM;8725;8727;3;forward
PAM;8722;8724;3;reverse
PAM;8693;8695;3;reverse
PAM;8680;8682;3;reverse
PAM;8668;8670;3;forward
PAM;8667;8669;3;reverse
PAM;8644;8646;3;reverse
PAM;8641;8643;3;forward
PAM;8588;8590;3;reverse
PAM;8581;8583;3;forward
PAM;8580;8582;3;reverse
PAM;8577;8579;3;reverse
PAM;8566;8568;3;reverse
PAM;8551;8553;3;forward
PAM;8532;8534;3;reverse
PAM;8523;8525;3;forward
PAM;8522;8524;3;reverse
PAM;8497;8499;3;reverse
PAM;8472;8474;3;forward
PAM;8467;8469;3;forward
PAM;8447;8449;3;reverse
PAM;8443;8445;3;forward
PAM;8440;8442;3;reverse
PAM;8418;8420;3;reverse
PAM;8401;8403;3;forward
PAM;8387;8389;3;reverse
PAM;8317;8319;3;forward
PAM;8280;8282;3;forward
PAM;8270;8272;3;reverse
PAM;8241;8243;3;reverse
PAM;8221;8223;3;forward
PAM;8212;8214;3;reverse
PAM;8208;8210;3;reverse
PAM;8198;8200;3;reverse
PAM;8194;8196;3;forward
PAM;8188;8190;3;forward
PAM;8179;8181;3;forward
PAM;8173;8175;3;reverse
PAM;8155;8157;3;reverse
PAM;8150;8152;3;reverse
PAM;8131;8133;3;reverse
PAM;8103;8105;3;forward
PAM;8084;8086;3;reverse
PAM;8050;8052;3;reverse
PAM;8047;8049;3;forward
PAM;8010;8012;3;forward
PAM;7998;8000;3;forward
PAM;7997;7999;3;reverse
PAM;7993;7995;3;forward
PAM;7982;7984;3;reverse
PAM;7967;7969;3;reverse
PAM;7939;7941;3;forward
PAM;7936;7938;3;reverse
PAM;7928;7930;3;reverse
PAM;7913;7915;3;reverse
PAM;7900;7902;3;forward
PAM;7894;7896;3;reverse
PAM;7864;7866;3;forward
PAM;7863;7865;3;reverse
PAM;7839;7841;3;forward
PAM;7833;7835;3;forward
PAM;7818;7820;3;reverse
PAM;7808;7810;3;reverse
PAM;7799;7801;3;reverse
PAM;7775;7777;3;reverse
PAM;7755;7757;3;forward
PAM;7747;7749;3;forward
PAM;7746;7748;3;reverse
PAM;7731;7733;3;reverse
PAM;7728;7730;3;reverse
PAM;7722;7724;3;forward
PAM;7693;7695;3;reverse
PAM;7669;7671;3;reverse
PAM;7647;7649;3;reverse
PAM;7640;7642;3;reverse
PAM;7631;7633;3;reverse
PAM;7603;7605;3;forward
PAM;7602;7604;3;reverse
PAM;7599;7601;3;forward
PAM;7551;7553;3;forward
PAM;7550;7552;3;reverse
PAM;7543;7545;3;forward
PAM;7527;7529;3;forward
PAM;7480;7482;3;forward
PAM;7479;7481;3;reverse
PAM;7470;7472;3;reverse
PAM;7467;7469;3;forward
PAM;7460;7462;3;forward
PAM;7457;7459;3;forward
PAM;7456;7458;3;reverse
PAM;7452;7454;3;forward
PAM;7451;7453;3;reverse
PAM;7445;7447;3;forward
PAM;7435;7437;3;forward
PAM;7434;7436;3;reverse
PAM;7380;7382;3;reverse
PAM;7374;7376;3;reverse
PAM;7371;7373;3;reverse
PAM;7330;7332;3;forward
PAM;7267;7269;3;forward
PAM;7261;7263;3;forward
PAM;7260;7262;3;reverse
PAM;7235;7237;3;forward
PAM;7232;7234;3;reverse
PAM;7226;7228;3;forward
PAM;7225;7227;3;reverse
PAM;7219;7221;3;reverse
PAM;7212;7214;3;reverse
PAM;7194;7196;3;reverse
PAM;7159;7161;3;reverse
PAM;7152;7154;3;forward
PAM;7147;7149;3;forward
PAM;7137;7139;3;forward
PAM;7129;7131;3;forward
PAM;7106;7108;3;forward
PAM;7103;7105;3;reverse
PAM;7099;7101;3;reverse
PAM;7079;7081;3;reverse
PAM;7067;7069;3;forward
PAM;7051;7053;3;reverse
PAM;7043;7045;3;forward
PAM;7042;7044;3;reverse
PAM;7004;7006;3;reverse
PAM;7001;7003;3;reverse
PAM;6984;6986;3;forward
PAM;6981;6983;3;reverse
PAM;6963;6965;3;forward
PAM;6962;6964;3;reverse
PAM;6958;6960;3;forward
PAM;6934;6936;3;forward
PAM;6928;6930;3;reverse
PAM;6925;6927;3;forward
PAM;6924;6926;3;reverse
PAM;6916;6918;3;forward
PAM;6900;6902;3;forward
PAM;6895;6897;3;forward
PAM;6875;6877;3;reverse
PAM;6865;6867;3;forward
PAM;6864;6866;3;reverse
PAM;6853;6855;3;forward
PAM;6806;6808;3;reverse
PAM;6792;6794;3;forward
PAM;6791;6793;3;reverse
PAM;6767;6769;3;reverse
PAM;6757;6759;3;forward
PAM;6730;6732;3;forward
PAM;6725;6727;3;reverse
PAM;6718;6720;3;forward
PAM;6717;6719;3;reverse
PAM;6705;6707;3;forward
PAM;6704;6706;3;reverse
PAM;6694;6696;3;forward
PAM;6640;6642;3;reverse
PAM;6626;6628;3;reverse
PAM;6617;6619;3;reverse
PAM;6609;6611;3;reverse
PAM;6600;6602;3;reverse
PAM;6581;6583;3;reverse
PAM;6567;6569;3;reverse
PAM;6558;6560;3;forward
PAM;6557;6559;3;reverse
PAM;6553;6555;3;forward
PAM;6532;6534;3;forward
PAM;6517;6519;3;forward
PAM;6510;6512;3;forward
PAM;6509;6511;3;reverse
PAM;6495;6497;3;forward
PAM;6494;6496;3;reverse
PAM;6472;6474;3;reverse
PAM;6459;6461;3;reverse
PAM;6445;6447;3;forward
PAM;6423;6425;3;forward
PAM;6422;6424;3;reverse
PAM;6390;6392;3;reverse
PAM;6348;6350;3;forward
PAM;6328;6330;3;forward
PAM;6327;6329;3;reverse
PAM;6319;6321;3;forward
PAM;6292;6294;3;forward
PAM;6291;6293;3;reverse
PAM;6286;6288;3;forward
PAM;6283;6285;3;reverse
PAM;6257;6259;3;reverse
PAM;6242;6244;3;reverse
PAM;6238;6240;3;forward
PAM;6225;6227;3;reverse
PAM;6188;6190;3;reverse
PAM;6129;6131;3;reverse
PAM;6124;6126;3;forward
PAM;6098;6100;3;reverse
PAM;6048;6050;3;reverse
PAM;6030;6032;3;forward
PAM;6015;6017;3;forward
PAM;5986;5988;3;forward
PAM;5959;5961;3;forward
PAM;5953;5955;3;reverse
PAM;5950;5952;3;forward
PAM;5938;5940;3;reverse
PAM;5912;5914;3;reverse
PAM;5892;5894;3;forward
PAM;5869;5871;3;forward
PAM;5868;5870;3;reverse
PAM;5828;5830;3;reverse
PAM;5816;5818;3;forward
PAM;5815;5817;3;reverse
PAM;5766;5768;3;reverse
PAM;5754;5756;3;reverse
PAM;5737;5739;3;forward
PAM;5736;5738;3;reverse
PAM;5721;5723;3;reverse
PAM;5716;5718;3;forward
PAM;5715;5717;3;reverse
PAM;5703;5705;3;reverse
PAM;5660;5662;3;forward
PAM;5621;5623;3;forward
PAM;5614;5616;3;reverse
PAM;5570;5572;3;forward
PAM;5559;5561;3;reverse
PAM;5527;5529;3;reverse
PAM;5519;5521;3;forward
PAM;5501;5503;3;reverse
PAM;5477;5479;3;reverse
PAM;5465;5467;3;forward
PAM;5464;5466;3;reverse
PAM;5453;5455;3;reverse
PAM;5414;5416;3;forward
PAM;5408;5410;3;forward
PAM;5393;5395;3;forward
PAM;5374;5376;3;reverse
PAM;5369;5371;3;forward
PAM;5366;5368;3;reverse
PAM;5354;5356;3;forward
PAM;5353;5355;3;reverse
PAM;5335;5337;3;forward
PAM;5329;5331;3;forward
PAM;5328;5330;3;reverse
PAM;5323;5325;3;forward
PAM;5320;5322;3;forward
PAM;5313;5315;3;forward
PAM;5296;5298;3;forward
PAM;5286;5288;3;forward
PAM;5273;5275;3;reverse
PAM;5256;5258;3;forward
PAM;5255;5257;3;reverse
PAM;5250;5252;3;forward
PAM;5249;5251;3;reverse
PAM;5245;5247;3;reverse
PAM;5215;5217;3;reverse
PAM;5193;5195;3;reverse
PAM;5161;5163;3;reverse
PAM;5146;5148;3;reverse
PAM;5138;5140;3;reverse
PAM;5134;5136;3;forward
PAM;5113;5115;3;forward
PAM;5110;5112;3;reverse
PAM;5106;5108;3;forward
PAM;5105;5107;3;reverse
PAM;5086;5088;3;reverse
PAM;5050;5052;3;forward
PAM;5044;5046;3;reverse
PAM;5040;5042;3;forward
PAM;5032;5034;3;forward
PAM;5020;5022;3;reverse
PAM;4977;4979;3;reverse
PAM;4930;4932;3;forward
PAM;4903;4905;3;forward
PAM;4884;4886;3;forward
PAM;4883;4885;3;reverse
PAM;4843;4845;3;reverse
PAM;4837;4839;3;forward
PAM;4818;4820;3;forward
PAM;4811;4813;3;reverse
PAM;4786;4788;3;reverse
PAM;4766;4768;3;reverse
PAM;4762;4764;3;reverse
PAM;4740;4742;3;reverse
PAM;4737;4739;3;reverse
PAM;4707;4709;3;forward
PAM;4695;4697;3;forward
PAM;4681;4683;3;forward
PAM;4666;4668;3;forward
PAM;4665;4667;3;reverse
PAM;4655;4657;3;reverse
PAM;4644;4646;3;forward
PAM;4643;4645;3;reverse
PAM;4598;4600;3;reverse
PAM;4587;4589;3;forward
PAM;4586;4588;3;reverse
PAM;4572;4574;3;forward
PAM;4571;4573;3;reverse
PAM;4561;4563;3;forward
PAM;4555;4557;3;forward
PAM;4554;4556;3;reverse
PAM;4516;4518;3;forward
PAM;4508;4510;3;reverse
PAM;4500;4502;3;forward
PAM;4495;4497;3;forward
PAM;4494;4496;3;reverse
PAM;4479;4481;3;reverse
PAM;4444;4446;3;forward
PAM;4441;4443;3;reverse
PAM;4429;4431;3;reverse
PAM;4390;4392;3;reverse
PAM;4386;4388;3;reverse
PAM;4378;4380;3;forward
PAM;4372;4374;3;forward
PAM;4371;4373;3;reverse
PAM;4356;4358;3;forward
PAM;4355;4357;3;reverse
PAM;4342;4344;3;forward
PAM;4341;4343;3;reverse
PAM;4332;4334;3;forward
PAM;4311;4313;3;forward
PAM;4301;4303;3;reverse
PAM;4288;4290;3;reverse
PAM;4266;4268;3;forward
PAM;4258;4260;3;forward
PAM;4257;4259;3;reverse
PAM;4212;4214;3;reverse
PAM;4208;4210;3;reverse
PAM;4189;4191;3;forward
PAM;4174;4176;3;reverse
PAM;4152;4154;3;forward
PAM;4151;4153;3;reverse
PAM;4126;4128;3;forward
PAM;4121;4123;3;forward
PAM;4115;4117;3;forward
PAM;4114;4116;3;reverse
PAM;4105;4107;3;forward
PAM;4097;4099;3;forward
PAM;4076;4078;3;forward
PAM;4073;4075;3;reverse
PAM;4025;4027;3;forward
PAM;3997;3999;3;forward
PAM;3996;3998;3;reverse
PAM;3982;3984;3;reverse
PAM;3950;3952;3;reverse
PAM;3932;3934;3;forward
PAM;3888;3890;3;reverse
PAM;3884;3886;3;reverse
PAM;3871;3873;3;forward
PAM;3862;3864;3;reverse
PAM;3847;3849;3;forward
PAM;3839;3841;3;reverse
PAM;3804;3806;3;forward
PAM;3781;3783;3;reverse
PAM;3765;3767;3;forward
PAM;3718;3720;3;reverse
PAM;3695;3697;3;forward
PAM;3694;3696;3;reverse
PAM;3680;3682;3;forward
PAM;3676;3678;3;reverse
PAM;3648;3650;3;forward
PAM;3634;3636;3;reverse
PAM;3616;3618;3;reverse
PAM;3612;3614;3;forward
PAM;3599;3601;3;forward
PAM;3596;3598;3;reverse
PAM;3572;3574;3;reverse
PAM;3556;3558;3;reverse
PAM;3546;3548;3;reverse
PAM;3524;3526;3;forward
PAM;3515;3517;3;forward
PAM;3506;3508;3;forward
PAM;3505;3507;3;reverse
PAM;3473;3475;3;reverse
PAM;3467;3469;3;forward
PAM;3450;3452;3;forward
PAM;3434;3436;3;forward
PAM;3422;3424;3;reverse
PAM;3419;3421;3;forward
PAM;3418;3420;3;reverse
PAM;3410;3412;3;forward
PAM;3409;3411;3;reverse
PAM;3403;3405;3;forward
PAM;3400;3402;3;forward
PAM;3384;3386;3;reverse
PAM;3379;3381;3;forward
PAM;3347;3349;3;reverse
PAM;3336;3338;3;forward
PAM;3335;3337;3;reverse
PAM;3325;3327;3;forward
PAM;3290;3292;3;forward
PAM;3289;3291;3;reverse
PAM;3285;3287;3;forward
PAM;3276;3278;3;forward
PAM;3260;3262;3;reverse
PAM;3251;3253;3;forward
PAM;3248;3250;3;reverse
PAM;3229;3231;3;reverse
PAM;3225;3227;3;forward
PAM;3222;3224;3;reverse
PAM;3215;3217;3;forward
PAM;3193;3195;3;reverse
PAM;3167;3169;3;reverse
PAM;3144;3146;3;forward
PAM;3143;3145;3;reverse
PAM;3102;3104;3;reverse
PAM;3054;3056;3;reverse
PAM;3020;3022;3;forward
PAM;3019;3021;3;reverse
PAM;3001;3003;3;reverse
PAM;2990;2992;3;forward
PAM;2989;2991;3;reverse
PAM;2985;2987;3;forward
PAM;2981;2983;3;forward
PAM;2974;2976;3;reverse
PAM;2969;2971;3;reverse
PAM;2961;2963;3;forward
PAM;2955;2957;3;forward
PAM;2937;2939;3;forward
PAM;2936;2938;3;reverse
PAM;2933;2935;3;reverse
PAM;2914;2916;3;reverse
PAM;2909;2911;3;forward
PAM;2892;2894;3;forward
PAM;2889;2891;3;reverse
PAM;2883;2885;3;forward
PAM;2882;2884;3;reverse
PAM;2870;2872;3;reverse
PAM;2846;2848;3;reverse
PAM;2833;2835;3;reverse
PAM;2829;2831;3;forward
PAM;2825;2827;3;reverse
PAM;2820;2822;3;reverse
PAM;2807;2809;3;forward
PAM;2801;2803;3;forward
PAM;2790;2792;3;forward
PAM;2787;2789;3;reverse
PAM;2781;2783;3;forward
PAM;2765;2767;3;forward
PAM;2764;2766;3;reverse
PAM;2750;2752;3;forward
PAM;2741;2743;3;forward
PAM;2740;2742;3;reverse
PAM;2723;2725;3;reverse
PAM;2719;2721;3;reverse
PAM;2691;2693;3;reverse
PAM;2681;2683;3;forward
PAM;2664;2666;3;forward
PAM;2659;2661;3;reverse
PAM;2628;2630;3;forward
PAM;2627;2629;3;reverse
PAM;2603;2605;3;forward
PAM;2595;2597;3;reverse
PAM;2554;2556;3;reverse
PAM;2549;2551;3;reverse
PAM;2540;2542;3;forward
PAM;2525;2527;3;reverse
PAM;2515;2517;3;reverse
PAM;2503;2505;3;reverse
PAM;2498;2500;3;reverse
PAM;2495;2497;3;forward
PAM;2494;2496;3;reverse
PAM;2484;2486;3;forward
PAM;2433;2435;3;reverse
PAM;2421;2423;3;forward
PAM;2414;2416;3;forward
PAM;2413;2415;3;reverse
PAM;2399;2401;3;reverse
PAM;2365;2367;3;reverse
PAM;2361;2363;3;forward
PAM;2354;2356;3;forward
PAM;2342;2344;3;forward
PAM;2341;2343;3;reverse
PAM;2331;2333;3;forward
PAM;2307;2309;3;forward
PAM;2299;2301;3;reverse
PAM;2284;2286;3;reverse
PAM;2259;2261;3;reverse
PAM;2241;2243;3;reverse
PAM;2234;2236;3;reverse
PAM;2226;2228;3;forward
PAM;2187;2189;3;forward
PAM;2183;2185;3;forward
PAM;2182;2184;3;reverse
PAM;2178;2180;3;forward
PAM;2154;2156;3;forward
PAM;2130;2132;3;reverse
PAM;2127;2129;3;reverse
PAM;2110;2112;3;reverse
PAM;2081;2083;3;forward
PAM;2069;2071;3;reverse
PAM;2051;2053;3;forward
PAM;1979;1981;3;forward
PAM;1978;1980;3;reverse
PAM;1974;1976;3;reverse
PAM;1947;1949;3;forward
PAM;1946;1948;3;reverse
PAM;1926;1928;3;reverse
PAM;1902;1904;3;reverse
PAM;1882;1884;3;reverse
PAM;1879;1881;3;reverse
PAM;1871;1873;3;forward
PAM;1866;1868;3;forward
PAM;1854;1856;3;forward
PAM;1845;1847;3;reverse
PAM;1814;1816;3;reverse
PAM;1809;1811;3;forward
PAM;1792;1794;3;reverse
PAM;1784;1786;3;forward
PAM;1762;1764;3;reverse
PAM;1758;1760;3;forward
PAM;1725;1727;3;forward
PAM;1713;1715;3;forward
PAM;1686;1688;3;forward
PAM;1685;1687;3;reverse
PAM;1682;1684;3;forward
PAM;1681;1683;3;reverse
PAM;1673;1675;3;reverse
PAM;1634;1636;3;reverse
PAM;1619;1621;3;forward
PAM;1592;1594;3;forward
PAM;1568;1570;3;forward
PAM;1567;1569;3;reverse
PAM;1563;1565;3;reverse
PAM;1547;1549;3;forward
PAM;1544;1546;3;reverse
PAM;1532;1534;3;reverse
PAM;1508;1510;3;reverse
PAM;1475;1477;3;forward
PAM;1474;1476;3;reverse
PAM;1455;1457;3;forward
PAM;1454;1456;3;reverse
PAM;1442;1444;3;forward
PAM;1441;1443;3;reverse
PAM;1434;1436;3;reverse
PAM;1428;1430;3;reverse
PAM;1409;1411;3;reverse
PAM;1397;1399;3;reverse
PAM;1360;1362;3;reverse
PAM;1355;1357;3;forward
PAM;1338;1340;3;reverse
PAM;1319;1321;3;forward
PAM;1307;1309;3;forward
PAM;1306;1308;3;reverse
PAM;1283;1285;3;reverse
PAM;1278;1280;3;reverse
PAM;1273;1275;3;forward
PAM;1272;1274;3;reverse
PAM;1266;1268;3;forward
PAM;1254;1256;3;forward
PAM;1248;1250;3;forward
PAM;1238;1240;3;forward
PAM;1233;1235;3;forward
PAM;1223;1225;3;forward
PAM;1222;1224;3;reverse
PAM;1219;1221;3;reverse
PAM;1204;1206;3;reverse
PAM;1200;1202;3;forward
PAM;1188;1190;3;forward
PAM;1187;1189;3;reverse
PAM;1178;1180;3;forward
PAM;1132;1134;3;reverse
PAM;1122;1124;3;forward
PAM;1121;1123;3;reverse
PAM;1100;1102;3;forward
PAM;1096;1098;3;reverse
PAM;1074;1076;3;forward
PAM;1058;1060;3;reverse
PAM;1049;1051;3;reverse
PAM;1044;1046;3;forward
PAM;1025;1027;3;forward
PAM;1024;1026;3;reverse
PAM;1013;1015;3;reverse
PAM;1006;1008;3;forward
PAM;1001;1003;3;forward
PAM;988;990;3;reverse
PAM;984;986;3;reverse
PAM;981;983;3;reverse
PAM;978;980;3;forward
PAM;971;973;3;forward
PAM;970;972;3;reverse
PAM;930;932;3;forward
PAM;921;923;3;forward
PAM;906;908;3;reverse
PAM;891;893;3;reverse
PAM;888;890;3;forward
PAM;882;884;3;reverse
PAM;864;866;3;forward
PAM;851;853;3;reverse
PAM;834;836;3;reverse
PAM;831;833;3;forward
PAM;803;805;3;reverse
PAM;799;801;3;forward
PAM;794;796;3;forward
PAM;793;795;3;reverse
PAM;786;788;3;reverse
PAM;779;781;3;reverse
PAM;768;770;3;reverse
PAM;749;751;3;reverse
PAM;734;736;3;forward
PAM;733;735;3;reverse
PAM;727;729;3;reverse
PAM;723;725;3;forward
PAM;691;693;3;reverse
PAM;688;690;3;forward
PAM;687;689;3;reverse
PAM;683;685;3;forward
PAM;682;684;3;reverse
PAM;647;649;3;forward
PAM;634;636;3;forward
PAM;624;626;3;reverse
PAM;613;615;3;forward
PAM;612;614;3;reverse
PAM;605;607;3;forward
PAM;557;559;3;reverse
PAM;553;555;3;reverse
PAM;546;548;3;reverse
PAM;537;539;3;reverse
PAM;518;520;3;forward
PAM;517;519;3;reverse
PAM;499;501;3;forward
PAM;495;497;3;reverse
PAM;458;460;3;forward
PAM;450;452;3;reverse
PAM;441;443;3;reverse
PAM;427;429;3;forward
PAM;426;428;3;reverse
PAM;390;392;3;reverse
PAM;383;385;3;forward
PAM;378;380;3;reverse
PAM;372;374;3;reverse
PAM;343;345;3;forward
PAM;342;344;3;reverse
PAM;305;307;3;forward
PAM;284;286;3;forward
PAM;283;285;3;reverse
PAM;265;267;3;forward
PAM;264;266;3;reverse
PAM;253;255;3;forward
PAM;229;231;3;forward
PAM;228;230;3;reverse
PAM;221;223;3;forward
PAM;217;219;3;forward
PAM;209;211;3;forward
PAM;196;198;3;forward
PAM;195;197;3;reverse
PAM;149;151;3;forward
PAM;148;150;3;reverse
PAM;128;130;3;forward
PAM;125;127;3;reverse
PAM;107;109;3;forward
PAM;106;108;3;reverse
PAM;95;97;3;forward
PAM;88;90;3;reverse
PAM;63;65;3;reverse
PAM;60;62;3;reverse
PAM;43;45;3;forward
PAM;25;27;3;reverse
PAM;13;15;3;forward
PAM;10;12;3;reverse